Date,Retailer_ID,Terminal_ID,termType,Chain_ID,TMID,Location_Name,Location_Address,Location_City,Zip,Scratchers_Sales,Out_of_Stock__,Machine_ID
7/1/2019,10009,2,PHD,8128,102,AAA,AAA Address,AAA City,85644,1928,0.061903193,10009_2
7/1/2019,10009,3,PHD,8128,102,AAA,AAA Address,AAA City,85644,1570,0.062315268,10009_3
7/1/2019,10024,4,PHD,8821,204,BBB,BBB Address,BBB City,85333,1493,0.091078402,10024_4
7/1/2019,10029,3,PHD,8821,204,CCC,CCC Address,CCC City,85574,1399,0.06880864,10029_3
7/1/2019,10033,3,PHD,8128,102,DDD,DDD Address,DDD City,85668,1241,0.083315428,10033_3
7/1/2019,10034,3,PHD,0,107,EEE,EEE Address,EEE City,85579,855,0.042687294,10034_3
7/2/2019,10009,2,PHD,8128,102,AAA,AAA Address,AAA City,85644,1476,0.092390137,10009_2
7/2/2019,10009,3,PHD,8128,102,AAA,AAA Address,AAA City,85644,1694,0.012145795,10009_3
7/2/2019,10024,4,PHD,8821,204,BBB,BBB Address,BBB City,85333,1567,0.049484603,10024_4
7/2/2019,10029,3,PHD,8821,204,CCC,CCC Address,CCC City,85574,41,0.097129803,10029_3
7/2/2019,10033,3,PHD,8128,102,DDD,DDD Address,DDD City,85668,1372,0.062071239,10033_3
7/2/2019,10034,3,PHD,0,107,EEE,EEE Address,EEE City,85579,861,0.040101943,10034_3
7/3/2019,10009,2,PHD,8128,102,AAA,AAA Address,AAA City,85644,1617,0.034199047,10009_2
7/3/2019,10009,3,PHD,8128,102,AAA,AAA Address,AAA City,85644,2894,0.002634349,10009_3
7/3/2019,10024,4,PHD,8821,204,BBB,BBB Address,BBB City,85333,572,0.033900383,10024_4
7/3/2019,10029,3,PHD,8821,204,CCC,CCC Address,CCC City,85574,309,0.081323356,10029_3
7/3/2019,10033,3,PHD,8128,102,DDD,DDD Address,DDD City,85668,2960,0.025726728,10033_3
7/3/2019,10034,3,PHD,0,107,EEE,EEE Address,EEE City,85579,2054,0.074652909,10034_3
7/4/2019,10009,2,PHD,8128,102,AAA,AAA Address,AAA City,85644,861,0.036538679,10009_2
7/4/2019,10009,3,PHD,8128,102,AAA,AAA Address,AAA City,85644,2697,0.037848515,10009_3
7/4/2019,10024,4,PHD,8821,204,BBB,BBB Address,BBB City,85333,449,0.00116742,10024_4
7/4/2019,10029,3,PHD,8821,204,CCC,CCC Address,CCC City,85574,890,0.001543137,10029_3
7/4/2019,10033,3,PHD,8128,102,DDD,DDD Address,DDD City,85668,248,0.024755165,10033_3
7/4/2019,10034,3,PHD,0,107,EEE,EEE Address,EEE City,85579,2610,0.055233449,10034_3
7/5/2019,10009,2,PHD,8128,102,AAA,AAA Address,AAA City,85644,2193,0.048774074,10009_2
7/5/2019,10009,3,PHD,8128,102,AAA,AAA Address,AAA City,85644,2584,0.085213092,10009_3
7/5/2019,10024,4,PHD,8821,204,BBB,BBB Address,BBB City,85333,394,0.091707734,10024_4
7/5/2019,10029,3,PHD,8821,204,CCC,CCC Address,CCC City,85574,2886,0.001634072,10029_3
7/5/2019,10033,3,PHD,8128,102,DDD,DDD Address,DDD City,85668,850,0.098805647,10033_3
7/5/2019,10034,3,PHD,0,107,EEE,EEE Address,EEE City,85579,711,0.038907848,10034_3
7/6/2019,10009,2,PHD,8128,102,AAA,AAA Address,AAA City,85644,1209,0.079025686,10009_2
7/6/2019,10009,3,PHD,8128,102,AAA,AAA Address,AAA City,85644,1324,0.022730562,10009_3
7/6/2019,10024,4,PHD,8821,204,BBB,BBB Address,BBB City,85333,504,0.041877522,10024_4
7/6/2019,10029,3,PHD,8821,204,CCC,CCC Address,CCC City,85574,2992,0.049160573,10029_3
7/6/2019,10033,3,PHD,8128,102,DDD,DDD Address,DDD City,85668,995,0.099018034,10033_3
7/6/2019,10034,3,PHD,0,107,EEE,EEE Address,EEE City,85579,2506,0.090882907,10034_3
7/7/2019,10009,2,PHD,8128,102,AAA,AAA Address,AAA City,85644,2708,0.040473114,10009_2
7/7/2019,10009,3,PHD,8128,102,AAA,AAA Address,AAA City,85644,307,0.076462891,10009_3
7/7/2019,10024,4,PHD,8821,204,BBB,BBB Address,BBB City,85333,1244,0.090064483,10024_4
7/7/2019,10029,3,PHD,8821,204,CCC,CCC Address,CCC City,85574,16,0.070546968,10029_3
7/7/2019,10033,3,PHD,8128,102,DDD,DDD Address,DDD City,85668,160,0.097246404,10033_3
7/7/2019,10034,3,PHD,0,107,EEE,EEE Address,EEE City,85579,822,0.005856046,10034_3
7/8/2019,10009,2,PHD,8128,102,AAA,AAA Address,AAA City,85644,810,0.054042932,10009_2
7/8/2019,10009,3,PHD,8128,102,AAA,AAA Address,AAA City,85644,593,0.084761536,10009_3
7/8/2019,10024,4,PHD,8821,204,BBB,BBB Address,BBB City,85333,2844,0.099447787,10024_4
7/8/2019,10029,3,PHD,8821,204,CCC,CCC Address,CCC City,85574,722,0.077456705,10029_3
7/8/2019,10033,3,PHD,8128,102,DDD,DDD Address,DDD City,85668,1764,0.08782359,10033_3
7/8/2019,10034,3,PHD,0,107,EEE,EEE Address,EEE City,85579,2588,0.026993592,10034_3
7/9/2019,10009,2,PHD,8128,102,AAA,AAA Address,AAA City,85644,2870,0.026767322,10009_2
7/9/2019,10009,3,PHD,8128,102,AAA,AAA Address,AAA City,85644,2699,0.045255997,10009_3
7/9/2019,10024,4,PHD,8821,204,BBB,BBB Address,BBB City,85333,1911,0.060844994,10024_4
7/9/2019,10029,3,PHD,8821,204,CCC,CCC Address,CCC City,85574,1843,0.018711848,10029_3
7/9/2019,10033,3,PHD,8128,102,DDD,DDD Address,DDD City,85668,1596,0.036166066,10033_3
7/9/2019,10034,3,PHD,0,107,EEE,EEE Address,EEE City,85579,16,0.05896921,10034_3
7/10/2019,10009,2,PHD,8128,102,AAA,AAA Address,AAA City,85644,293,0.083753828,10009_2
7/10/2019,10009,3,PHD,8128,102,AAA,AAA Address,AAA City,85644,2864,0.03778587,10009_3
7/10/2019,10024,4,PHD,8821,204,BBB,BBB Address,BBB City,85333,980,0.064679725,10024_4
7/10/2019,10029,3,PHD,8821,204,CCC,CCC Address,CCC City,85574,593,0.088336397,10029_3
7/10/2019,10033,3,PHD,8128,102,DDD,DDD Address,DDD City,85668,2207,0.063081328,10033_3
7/10/2019,10034,3,PHD,0,107,EEE,EEE Address,EEE City,85579,1770,0.02536247,10034_3
7/11/2019,10009,2,PHD,8128,102,AAA,AAA Address,AAA City,85644,761,0.051526823,10009_2
7/11/2019,10009,3,PHD,8128,102,AAA,AAA Address,AAA City,85644,2642,0.020110932,10009_3
7/11/2019,10024,4,PHD,8821,204,BBB,BBB Address,BBB City,85333,2984,0.005789708,10024_4
7/11/2019,10029,3,PHD,8821,204,CCC,CCC Address,CCC City,85574,141,0.037719608,10029_3
7/11/2019,10033,3,PHD,8128,102,DDD,DDD Address,DDD City,85668,2357,0.001663476,10033_3
7/11/2019,10034,3,PHD,0,107,EEE,EEE Address,EEE City,85579,2001,0.039833847,10034_3
7/12/2019,10009,2,PHD,8128,102,AAA,AAA Address,AAA City,85644,1853,0.097824377,10009_2
7/12/2019,10009,3,PHD,8128,102,AAA,AAA Address,AAA City,85644,542,0.009819425,10009_3
7/12/2019,10024,4,PHD,8821,204,BBB,BBB Address,BBB City,85333,930,0.037360348,10024_4
7/12/2019,10029,3,PHD,8821,204,CCC,CCC Address,CCC City,85574,2264,0.077658778,10029_3
7/12/2019,10033,3,PHD,8128,102,DDD,DDD Address,DDD City,85668,332,0.056850386,10033_3
7/12/2019,10034,3,PHD,0,107,EEE,EEE Address,EEE City,85579,485,0.086742413,10034_3
7/13/2019,10009,2,PHD,8128,102,AAA,AAA Address,AAA City,85644,86,0.088506547,10009_2
7/13/2019,10009,3,PHD,8128,102,AAA,AAA Address,AAA City,85644,1842,0.048080468,10009_3
7/13/2019,10024,4,PHD,8821,204,BBB,BBB Address,BBB City,85333,2815,0.06847284,10024_4
7/13/2019,10029,3,PHD,8821,204,CCC,CCC Address,CCC City,85574,2461,0.074654588,10029_3
7/13/2019,10033,3,PHD,8128,102,DDD,DDD Address,DDD City,85668,2163,0.001487868,10033_3
7/13/2019,10034,3,PHD,0,107,EEE,EEE Address,EEE City,85579,824,0.059816041,10034_3
7/14/2019,10009,2,PHD,8128,102,AAA,AAA Address,AAA City,85644,1560,0.087130571,10009_2
7/14/2019,10009,3,PHD,8128,102,AAA,AAA Address,AAA City,85644,675,0.016057954,10009_3
7/14/2019,10024,4,PHD,8821,204,BBB,BBB Address,BBB City,85333,150,0.0887583,10024_4
7/14/2019,10029,3,PHD,8821,204,CCC,CCC Address,CCC City,85574,643,0.094372306,10029_3
7/14/2019,10033,3,PHD,8128,102,DDD,DDD Address,DDD City,85668,2732,0.064943277,10033_3
7/14/2019,10034,3,PHD,0,107,EEE,EEE Address,EEE City,85579,439,0.096486435,10034_3
7/15/2019,10009,2,PHD,8128,102,AAA,AAA Address,AAA City,85644,71,0.017299111,10009_2
7/15/2019,10009,3,PHD,8128,102,AAA,AAA Address,AAA City,85644,32,0.08396816,10009_3
7/15/2019,10024,4,PHD,8821,204,BBB,BBB Address,BBB City,85333,2656,0.00931464,10024_4
7/15/2019,10029,3,PHD,8821,204,CCC,CCC Address,CCC City,85574,78,0.024688007,10029_3
7/15/2019,10033,3,PHD,8128,102,DDD,DDD Address,DDD City,85668,86,0.088097505,10033_3
7/15/2019,10034,3,PHD,0,107,EEE,EEE Address,EEE City,85579,1902,0.085551241,10034_3
7/16/2019,10009,2,PHD,8128,102,AAA,AAA Address,AAA City,85644,1647,0.082334211,10009_2
7/16/2019,10009,3,PHD,8128,102,AAA,AAA Address,AAA City,85644,268,0.016512916,10009_3
7/16/2019,10024,4,PHD,8821,204,BBB,BBB Address,BBB City,85333,2962,0.06884874,10024_4
7/16/2019,10029,3,PHD,8821,204,CCC,CCC Address,CCC City,85574,803,0.035081756,10029_3
7/16/2019,10033,3,PHD,8128,102,DDD,DDD Address,DDD City,85668,1391,0.056790819,10033_3
7/16/2019,10034,3,PHD,0,107,EEE,EEE Address,EEE City,85579,1972,0.095013634,10034_3
7/17/2019,10009,2,PHD,8128,102,AAA,AAA Address,AAA City,85644,411,0.064550083,10009_2
7/17/2019,10009,3,PHD,8128,102,AAA,AAA Address,AAA City,85644,731,0.000499861,10009_3
7/17/2019,10024,4,PHD,8821,204,BBB,BBB Address,BBB City,85333,1637,0.099917748,10024_4
7/17/2019,10029,3,PHD,8821,204,CCC,CCC Address,CCC City,85574,498,0.064283647,10029_3
7/17/2019,10033,3,PHD,8128,102,DDD,DDD Address,DDD City,85668,1020,0.061524413,10033_3
7/17/2019,10034,3,PHD,0,107,EEE,EEE Address,EEE City,85579,2106,0.038837133,10034_3
7/18/2019,10009,2,PHD,8128,102,AAA,AAA Address,AAA City,85644,752,0.094842591,10009_2
7/18/2019,10009,3,PHD,8128,102,AAA,AAA Address,AAA City,85644,975,0.014474888,10009_3
7/18/2019,10024,4,PHD,8821,204,BBB,BBB Address,BBB City,85333,2022,0.079694888,10024_4
7/18/2019,10029,3,PHD,8821,204,CCC,CCC Address,CCC City,85574,269,0.055082309,10029_3
7/18/2019,10033,3,PHD,8128,102,DDD,DDD Address,DDD City,85668,1648,0.094303105,10033_3
7/18/2019,10034,3,PHD,0,107,EEE,EEE Address,EEE City,85579,1062,0.003474181,10034_3
7/19/2019,10009,2,PHD,8128,102,AAA,AAA Address,AAA City,85644,2106,0.074442147,10009_2
7/19/2019,10009,3,PHD,8128,102,AAA,AAA Address,AAA City,85644,768,0.075590282,10009_3
7/19/2019,10024,4,PHD,8821,204,BBB,BBB Address,BBB City,85333,2734,0.05605104,10024_4
7/19/2019,10029,3,PHD,8821,204,CCC,CCC Address,CCC City,85574,2507,0.0730764,10029_3
7/19/2019,10033,3,PHD,8128,102,DDD,DDD Address,DDD City,85668,1667,0.021898878,10033_3
7/19/2019,10034,3,PHD,0,107,EEE,EEE Address,EEE City,85579,2735,0.07839114,10034_3
7/20/2019,10009,2,PHD,8128,102,AAA,AAA Address,AAA City,85644,1913,0.001830701,10009_2
7/20/2019,10009,3,PHD,8128,102,AAA,AAA Address,AAA City,85644,581,0.049743495,10009_3
7/20/2019,10024,4,PHD,8821,204,BBB,BBB Address,BBB City,85333,139,0.076840479,10024_4
7/20/2019,10029,3,PHD,8821,204,CCC,CCC Address,CCC City,85574,103,0.004917331,10029_3
7/20/2019,10033,3,PHD,8128,102,DDD,DDD Address,DDD City,85668,973,0.065241883,10033_3
7/20/2019,10034,3,PHD,0,107,EEE,EEE Address,EEE City,85579,2486,0.005838114,10034_3
7/21/2019,10009,2,PHD,8128,102,AAA,AAA Address,AAA City,85644,2873,0.092320284,10009_2
7/21/2019,10009,3,PHD,8128,102,AAA,AAA Address,AAA City,85644,125,0.012810483,10009_3
7/21/2019,10024,4,PHD,8821,204,BBB,BBB Address,BBB City,85333,2215,0.092786514,10024_4
7/21/2019,10029,3,PHD,8821,204,CCC,CCC Address,CCC City,85574,1792,0.004596321,10029_3
7/21/2019,10033,3,PHD,8128,102,DDD,DDD Address,DDD City,85668,1646,0.005812263,10033_3
7/21/2019,10034,3,PHD,0,107,EEE,EEE Address,EEE City,85579,1956,0.039467475,10034_3
7/22/2019,10009,2,PHD,8128,102,AAA,AAA Address,AAA City,85644,195,0.08225867,10009_2
7/22/2019,10009,3,PHD,8128,102,AAA,AAA Address,AAA City,85644,1438,0.079313596,10009_3
7/22/2019,10024,4,PHD,8821,204,BBB,BBB Address,BBB City,85333,965,0.062785745,10024_4
7/22/2019,10029,3,PHD,8821,204,CCC,CCC Address,CCC City,85574,1541,0.059842431,10029_3
7/22/2019,10033,3,PHD,8128,102,DDD,DDD Address,DDD City,85668,2556,0.072896739,10033_3
7/22/2019,10034,3,PHD,0,107,EEE,EEE Address,EEE City,85579,2838,0.04928331,10034_3
7/23/2019,10009,2,PHD,8128,102,AAA,AAA Address,AAA City,85644,1834,0.006715268,10009_2
7/23/2019,10009,3,PHD,8128,102,AAA,AAA Address,AAA City,85644,492,0.041879157,10009_3
7/23/2019,10024,4,PHD,8821,204,BBB,BBB Address,BBB City,85333,242,0.003120535,10024_4
7/23/2019,10029,3,PHD,8821,204,CCC,CCC Address,CCC City,85574,2029,0.051650038,10029_3
7/23/2019,10033,3,PHD,8128,102,DDD,DDD Address,DDD City,85668,2389,0.005131352,10033_3
7/23/2019,10034,3,PHD,0,107,EEE,EEE Address,EEE City,85579,375,0.027184407,10034_3
7/24/2019,10009,2,PHD,8128,102,AAA,AAA Address,AAA City,85644,2703,0.030035712,10009_2
7/24/2019,10009,3,PHD,8128,102,AAA,AAA Address,AAA City,85644,931,0.031557476,10009_3
7/24/2019,10024,4,PHD,8821,204,BBB,BBB Address,BBB City,85333,915,0.097124907,10024_4
7/24/2019,10029,3,PHD,8821,204,CCC,CCC Address,CCC City,85574,835,0.00323911,10029_3
7/24/2019,10033,3,PHD,8128,102,DDD,DDD Address,DDD City,85668,2220,0.047684629,10033_3
7/24/2019,10034,3,PHD,0,107,EEE,EEE Address,EEE City,85579,798,0.060848296,10034_3
7/25/2019,10009,2,PHD,8128,102,AAA,AAA Address,AAA City,85644,2933,0.052651836,10009_2
7/25/2019,10009,2,PHD,8128,102,AAA,AAA Address,AAA City,85644,272,0.02753841,10009_2
7/25/2019,10009,2,PHD,8128,102,AAA,AAA Address,AAA City,85644,1999,0.069767499,10009_2
7/25/2019,10009,2,PHD,8128,102,AAA,AAA Address,AAA City,85644,2460,0.047524185,10009_2
7/25/2019,10009,2,PHD,8128,102,AAA,AAA Address,AAA City,85644,1082,0.004608053,10009_2
7/25/2019,10009,2,PHD,8128,102,AAA,AAA Address,AAA City,85644,1266,0.019561674,10009_2
7/25/2019,10009,2,PHD,8128,102,AAA,AAA Address,AAA City,85644,1740,0.04042902,10009_2
7/25/2019,10009,2,PHD,8128,102,AAA,AAA Address,AAA City,85644,1075,0.037633233,10009_2
7/25/2019,10009,2,PHD,8128,102,AAA,AAA Address,AAA City,85644,2216,0.087094054,10009_2
7/25/2019,10009,2,PHD,8128,102,AAA,AAA Address,AAA City,85644,900,0.061306566,10009_2
7/25/2019,10009,2,PHD,8128,102,AAA,AAA Address,AAA City,85644,479,0.080221027,10009_2
7/25/2019,10009,2,PHD,8128,102,AAA,AAA Address,AAA City,85644,1555,0.074804505,10009_2
7/25/2019,10009,2,PHD,8128,102,AAA,AAA Address,AAA City,85644,1302,0.064588158,10009_2
7/25/2019,10009,2,PHD,8128,102,AAA,AAA Address,AAA City,85644,1376,0.097732173,10009_2
7/25/2019,10009,2,PHD,8128,102,AAA,AAA Address,AAA City,85644,922,0.005023335,10009_2
7/25/2019,10009,2,PHD,8128,102,AAA,AAA Address,AAA City,85644,2351,0.074812679,10009_2
7/25/2019,10009,2,PHD,8128,102,AAA,AAA Address,AAA City,85644,2874,0.08574836,10009_2
7/25/2019,10009,2,PHD,8128,102,AAA,AAA Address,AAA City,85644,701,0.039929247,10009_2
7/25/2019,10009,2,PHD,8128,102,AAA,AAA Address,AAA City,85644,120,0.087151396,10009_2
7/25/2019,10009,2,PHD,8128,102,AAA,AAA Address,AAA City,85644,811,0.04081945,10009_2
7/25/2019,10009,2,PHD,8128,102,AAA,AAA Address,AAA City,85644,2478,0.055557189,10009_2
7/25/2019,10009,2,PHD,8128,102,AAA,AAA Address,AAA City,85644,2617,0.074674224,10009_2
7/25/2019,10009,2,PHD,8128,102,AAA,AAA Address,AAA City,85644,1085,0.05267828,10009_2
7/25/2019,10009,2,PHD,8128,102,AAA,AAA Address,AAA City,85644,930,0.090227671,10009_2
7/25/2019,10009,2,PHD,8128,102,AAA,AAA Address,AAA City,85644,1636,0.032964026,10009_2
7/25/2019,10009,2,PHD,8128,102,AAA,AAA Address,AAA City,85644,2319,0.046014804,10009_2
7/25/2019,10009,2,PHD,8128,102,AAA,AAA Address,AAA City,85644,1304,0.02989972,10009_2
7/25/2019,10009,2,PHD,8128,102,AAA,AAA Address,AAA City,85644,2616,0.08246462,10009_2
7/25/2019,10009,2,PHD,8128,102,AAA,AAA Address,AAA City,85644,2006,0.012270101,10009_2
7/25/2019,10009,2,PHD,8128,102,AAA,AAA Address,AAA City,85644,1822,0.050834907,10009_2
7/25/2019,10009,2,PHD,8128,102,AAA,AAA Address,AAA City,85644,537,0.00176099,10009_2
7/25/2019,10009,2,PHD,8128,102,AAA,AAA Address,AAA City,85644,1147,0.036595489,10009_2
7/25/2019,10009,2,PHD,8128,102,AAA,AAA Address,AAA City,85644,2336,0.073471272,10009_2
7/25/2019,10009,2,PHD,8128,102,AAA,AAA Address,AAA City,85644,906,0.032825648,10009_2
7/25/2019,10009,2,PHD,8128,102,AAA,AAA Address,AAA City,85644,665,0.029917169,10009_2
7/25/2019,10009,2,PHD,8128,102,AAA,AAA Address,AAA City,85644,2876,0.00687241,10009_2
7/25/2019,10009,2,PHD,8128,102,AAA,AAA Address,AAA City,85644,2688,0.009316025,10009_2
7/25/2019,10009,2,PHD,8128,102,AAA,AAA Address,AAA City,85644,2801,0.057814086,10009_2
7/25/2019,10009,2,PHD,8128,102,AAA,AAA Address,AAA City,85644,1965,0.032248141,10009_2
7/25/2019,10009,2,PHD,8128,102,AAA,AAA Address,AAA City,85644,932,0.051447393,10009_2
7/25/2019,10009,2,PHD,8128,102,AAA,AAA Address,AAA City,85644,1091,0.012569555,10009_2
7/25/2019,10009,2,PHD,8128,102,AAA,AAA Address,AAA City,85644,2863,0.061280126,10009_2
7/25/2019,10009,2,PHD,8128,102,AAA,AAA Address,AAA City,85644,620,0.029472508,10009_2
7/25/2019,10009,2,PHD,8128,102,AAA,AAA Address,AAA City,85644,1071,0.017140506,10009_2
7/25/2019,10009,2,PHD,8128,102,AAA,AAA Address,AAA City,85644,1992,0.038883946,10009_2
7/25/2019,10009,2,PHD,8128,102,AAA,AAA Address,AAA City,85644,566,0.087307156,10009_2
7/25/2019,10009,2,PHD,8128,102,AAA,AAA Address,AAA City,85644,2972,0.005156556,10009_2
7/25/2019,10009,2,PHD,8128,102,AAA,AAA Address,AAA City,85644,1443,0.019630498,10009_2
7/25/2019,10009,2,PHD,8128,102,AAA,AAA Address,AAA City,85644,1075,0.07237795,10009_2
7/25/2019,10009,2,PHD,8128,102,AAA,AAA Address,AAA City,85644,2053,0.046503736,10009_2
7/25/2019,10009,2,PHD,8128,102,AAA,AAA Address,AAA City,85644,1762,0.008474924,10009_2
7/25/2019,10009,2,PHD,8128,102,AAA,AAA Address,AAA City,85644,885,0.08475945,10009_2
7/25/2019,10009,2,PHD,8128,102,AAA,AAA Address,AAA City,85644,125,0.005179174,10009_2
7/25/2019,10009,2,PHD,8128,102,AAA,AAA Address,AAA City,85644,1272,0.028724065,10009_2
7/25/2019,10009,2,PHD,8128,102,AAA,AAA Address,AAA City,85644,714,0.056596326,10009_2
7/25/2019,10009,2,PHD,8128,102,AAA,AAA Address,AAA City,85644,2340,0.035601232,10009_2
7/25/2019,10009,2,PHD,8128,102,AAA,AAA Address,AAA City,85644,1542,0.096946174,10009_2
7/25/2019,10009,2,PHD,8128,102,AAA,AAA Address,AAA City,85644,494,0.069237754,10009_2
7/25/2019,10009,2,PHD,8128,102,AAA,AAA Address,AAA City,85644,2256,0.000610471,10009_2
7/25/2019,10009,2,PHD,8128,102,AAA,AAA Address,AAA City,85644,112,0.047066793,10009_2
7/25/2019,10009,2,PHD,8128,102,AAA,AAA Address,AAA City,85644,1627,0.071998002,10009_2
7/25/2019,10009,2,PHD,8128,102,AAA,AAA Address,AAA City,85644,2435,0.067266187,10009_2
7/25/2019,10009,2,PHD,8128,102,AAA,AAA Address,AAA City,85644,687,0.051971153,10009_2
7/25/2019,10009,2,PHD,8128,102,AAA,AAA Address,AAA City,85644,1852,0.060575912,10009_2
7/25/2019,10009,2,PHD,8128,102,AAA,AAA Address,AAA City,85644,972,0.06515341,10009_2
7/25/2019,10009,2,PHD,8128,102,AAA,AAA Address,AAA City,85644,583,0.026206558,10009_2
7/25/2019,10009,2,PHD,8128,102,AAA,AAA Address,AAA City,85644,16,0.002289036,10009_2
7/25/2019,10009,2,PHD,8128,102,AAA,AAA Address,AAA City,85644,1209,0.080761508,10009_2
7/25/2019,10009,2,PHD,8128,102,AAA,AAA Address,AAA City,85644,1246,0.008076732,10009_2
7/25/2019,10009,2,PHD,8128,102,AAA,AAA Address,AAA City,85644,2041,0.045172751,10009_2
7/25/2019,10009,2,PHD,8128,102,AAA,AAA Address,AAA City,85644,2392,0.069305033,10009_2
7/25/2019,10009,2,PHD,8128,102,AAA,AAA Address,AAA City,85644,673,0.00602485,10009_2
7/25/2019,10009,2,PHD,8128,102,AAA,AAA Address,AAA City,85644,965,0.099230713,10009_2
7/25/2019,10009,2,PHD,8128,102,AAA,AAA Address,AAA City,85644,1740,0.008870886,10009_2
7/25/2019,10009,2,PHD,8128,102,AAA,AAA Address,AAA City,85644,521,0.013653534,10009_2
7/25/2019,10009,2,PHD,8128,102,AAA,AAA Address,AAA City,85644,622,0.078224983,10009_2
7/25/2019,10009,2,PHD,8128,102,AAA,AAA Address,AAA City,85644,1773,0.016458866,10009_2
7/25/2019,10009,2,PHD,8128,102,AAA,AAA Address,AAA City,85644,592,0.098179673,10009_2
7/25/2019,10009,2,PHD,8128,102,AAA,AAA Address,AAA City,85644,312,0.083585172,10009_2
7/25/2019,10009,2,PHD,8128,102,AAA,AAA Address,AAA City,85644,556,0.042801685,10009_2
7/25/2019,10009,2,PHD,8128,102,AAA,AAA Address,AAA City,85644,1406,0.037128295,10009_2
7/25/2019,10009,2,PHD,8128,102,AAA,AAA Address,AAA City,85644,2995,0.047845581,10009_2
7/25/2019,10009,2,PHD,8128,102,AAA,AAA Address,AAA City,85644,380,0.011162383,10009_2
7/25/2019,10009,2,PHD,8128,102,AAA,AAA Address,AAA City,85644,2620,0.094986207,10009_2
7/25/2019,10009,2,PHD,8128,102,AAA,AAA Address,AAA City,85644,277,0.088440465,10009_2
7/25/2019,10009,2,PHD,8128,102,AAA,AAA Address,AAA City,85644,338,0.069864749,10009_2
7/25/2019,10009,2,PHD,8128,102,AAA,AAA Address,AAA City,85644,541,0.013832839,10009_2
7/25/2019,10009,2,PHD,8128,102,AAA,AAA Address,AAA City,85644,74,0.098592244,10009_2
7/25/2019,10009,2,PHD,8128,102,AAA,AAA Address,AAA City,85644,1028,0.024115385,10009_2
7/25/2019,10009,2,PHD,8128,102,AAA,AAA Address,AAA City,85644,1303,0.025535519,10009_2
7/25/2019,10009,2,PHD,8128,102,AAA,AAA Address,AAA City,85644,2731,0.048274144,10009_2
7/25/2019,10009,2,PHD,8128,102,AAA,AAA Address,AAA City,85644,2990,0.027012987,10009_2
7/25/2019,10009,2,PHD,8128,102,AAA,AAA Address,AAA City,85644,1656,0.074418339,10009_2
7/25/2019,10009,2,PHD,8128,102,AAA,AAA Address,AAA City,85644,1007,0.075229514,10009_2
7/25/2019,10009,2,PHD,8128,102,AAA,AAA Address,AAA City,85644,2943,0.091239772,10009_2
7/25/2019,10009,2,PHD,8128,102,AAA,AAA Address,AAA City,85644,955,0.059038355,10009_2
7/25/2019,10009,2,PHD,8128,102,AAA,AAA Address,AAA City,85644,1917,0.081344122,10009_2
7/25/2019,10009,2,PHD,8128,102,AAA,AAA Address,AAA City,85644,2250,0.02611275,10009_2
7/25/2019,10009,2,PHD,8128,102,AAA,AAA Address,AAA City,85644,1517,0.016685741,10009_2
7/25/2019,10009,2,PHD,8128,102,AAA,AAA Address,AAA City,85644,1173,0.014999529,10009_2
7/25/2019,10009,2,PHD,8128,102,AAA,AAA Address,AAA City,85644,2663,0.036552696,10009_2
7/25/2019,10009,2,PHD,8128,102,AAA,AAA Address,AAA City,85644,1608,0.090738611,10009_2
7/25/2019,10009,2,PHD,8128,102,AAA,AAA Address,AAA City,85644,1792,0.017924184,10009_2
7/25/2019,10009,2,PHD,8128,102,AAA,AAA Address,AAA City,85644,1475,0.068345232,10009_2
7/25/2019,10009,2,PHD,8128,102,AAA,AAA Address,AAA City,85644,881,0.060970944,10009_2
7/25/2019,10009,2,PHD,8128,102,AAA,AAA Address,AAA City,85644,2337,0.053980964,10009_2
7/25/2019,10009,2,PHD,8128,102,AAA,AAA Address,AAA City,85644,565,0.074595431,10009_2
7/25/2019,10009,2,PHD,8128,102,AAA,AAA Address,AAA City,85644,2120,0.054145944,10009_2
7/25/2019,10009,2,PHD,8128,102,AAA,AAA Address,AAA City,85644,882,0.072192913,10009_2
7/25/2019,10009,2,PHD,8128,102,AAA,AAA Address,AAA City,85644,1007,0.065699649,10009_2
7/25/2019,10009,2,PHD,8128,102,AAA,AAA Address,AAA City,85644,1966,0.011576336,10009_2
7/25/2019,10009,2,PHD,8128,102,AAA,AAA Address,AAA City,85644,870,0.022320693,10009_2
7/25/2019,10009,2,PHD,8128,102,AAA,AAA Address,AAA City,85644,1126,0.076728918,10009_2
7/25/2019,10009,2,PHD,8128,102,AAA,AAA Address,AAA City,85644,551,0.054230616,10009_2
7/25/2019,10009,2,PHD,8128,102,AAA,AAA Address,AAA City,85644,1518,0.092221397,10009_2
7/25/2019,10009,2,PHD,8128,102,AAA,AAA Address,AAA City,85644,2998,0.050506295,10009_2
7/25/2019,10009,2,PHD,8128,102,AAA,AAA Address,AAA City,85644,958,0.029225538,10009_2
7/25/2019,10009,2,PHD,8128,102,AAA,AAA Address,AAA City,85644,2811,0.001699995,10009_2
7/25/2019,10009,2,PHD,8128,102,AAA,AAA Address,AAA City,85644,2059,0.015057183,10009_2
7/25/2019,10009,2,PHD,8128,102,AAA,AAA Address,AAA City,85644,1917,0.058090638,10009_2
7/25/2019,10009,2,PHD,8128,102,AAA,AAA Address,AAA City,85644,2649,0.053062795,10009_2
7/25/2019,10009,2,PHD,8128,102,AAA,AAA Address,AAA City,85644,2769,0.004411052,10009_2
7/25/2019,10009,2,PHD,8128,102,AAA,AAA Address,AAA City,85644,1907,0.062307237,10009_2
7/25/2019,10009,2,PHD,8128,102,AAA,AAA Address,AAA City,85644,739,0.051054183,10009_2
7/25/2019,10009,2,PHD,8128,102,AAA,AAA Address,AAA City,85644,1347,0.038570429,10009_2
7/25/2019,10009,2,PHD,8128,102,AAA,AAA Address,AAA City,85644,1222,0.014621612,10009_2
7/25/2019,10009,2,PHD,8128,102,AAA,AAA Address,AAA City,85644,2310,0.064006513,10009_2
7/25/2019,10009,2,PHD,8128,102,AAA,AAA Address,AAA City,85644,375,0.080859378,10009_2
7/25/2019,10009,2,PHD,8128,102,AAA,AAA Address,AAA City,85644,322,0.011646565,10009_2
7/25/2019,10009,2,PHD,8128,102,AAA,AAA Address,AAA City,85644,2576,0.05652337,10009_2
7/25/2019,10009,2,PHD,8128,102,AAA,AAA Address,AAA City,85644,2517,0.007142461,10009_2
7/25/2019,10009,2,PHD,8128,102,AAA,AAA Address,AAA City,85644,379,0.025767377,10009_2
7/25/2019,10009,2,PHD,8128,102,AAA,AAA Address,AAA City,85644,2761,0.024459534,10009_2
7/25/2019,10009,2,PHD,8128,102,AAA,AAA Address,AAA City,85644,642,0.053660397,10009_2
7/25/2019,10009,2,PHD,8128,102,AAA,AAA Address,AAA City,85644,1107,0.07918822,10009_2
7/25/2019,10009,2,PHD,8128,102,AAA,AAA Address,AAA City,85644,216,0.03889266,10009_2
7/25/2019,10009,2,PHD,8128,102,AAA,AAA Address,AAA City,85644,975,0.031920628,10009_2
7/25/2019,10009,2,PHD,8128,102,AAA,AAA Address,AAA City,85644,2438,0.019503425,10009_2
7/25/2019,10009,2,PHD,8128,102,AAA,AAA Address,AAA City,85644,1949,0.088828978,10009_2
7/25/2019,10009,2,PHD,8128,102,AAA,AAA Address,AAA City,85644,279,0.098430316,10009_2
7/25/2019,10009,2,PHD,8128,102,AAA,AAA Address,AAA City,85644,1302,0.025083017,10009_2
7/25/2019,10009,2,PHD,8128,102,AAA,AAA Address,AAA City,85644,1377,0.059586569,10009_2
7/25/2019,10009,2,PHD,8128,102,AAA,AAA Address,AAA City,85644,1981,0.0924376,10009_2
7/25/2019,10009,2,PHD,8128,102,AAA,AAA Address,AAA City,85644,664,0.051649273,10009_2
7/25/2019,10009,2,PHD,8128,102,AAA,AAA Address,AAA City,85644,2979,0.00247372,10009_2
7/25/2019,10009,2,PHD,8128,102,AAA,AAA Address,AAA City,85644,945,0.025016656,10009_2
7/25/2019,10009,2,PHD,8128,102,AAA,AAA Address,AAA City,85644,2598,0.06185106,10009_2
7/25/2019,10009,2,PHD,8128,102,AAA,AAA Address,AAA City,85644,2431,0.012771055,10009_2
7/25/2019,10009,2,PHD,8128,102,AAA,AAA Address,AAA City,85644,719,0.088870375,10009_2
7/25/2019,10009,2,PHD,8128,102,AAA,AAA Address,AAA City,85644,524,0.064638138,10009_2
7/25/2019,10009,2,PHD,8128,102,AAA,AAA Address,AAA City,85644,253,0.055570026,10009_2
7/25/2019,10009,2,PHD,8128,102,AAA,AAA Address,AAA City,85644,1391,0.059682267,10009_2
7/25/2019,10009,2,PHD,8128,102,AAA,AAA Address,AAA City,85644,2838,0.003413662,10009_2
7/25/2019,10009,2,PHD,8128,102,AAA,AAA Address,AAA City,85644,2577,0.060621023,10009_2
7/25/2019,10009,2,PHD,8128,102,AAA,AAA Address,AAA City,85644,645,0.038254909,10009_2
7/25/2019,10009,2,PHD,8128,102,AAA,AAA Address,AAA City,85644,403,0.053943503,10009_2
7/25/2019,10009,2,PHD,8128,102,AAA,AAA Address,AAA City,85644,2052,0.096527386,10009_2
7/25/2019,10009,2,PHD,8128,102,AAA,AAA Address,AAA City,85644,1868,0.061908882,10009_2
7/25/2019,10009,2,PHD,8128,102,AAA,AAA Address,AAA City,85644,2659,0.083352988,10009_2
7/25/2019,10009,2,PHD,8128,102,AAA,AAA Address,AAA City,85644,2350,0.065580563,10009_2
7/25/2019,10009,2,PHD,8128,102,AAA,AAA Address,AAA City,85644,2148,0.043376456,10009_2
7/25/2019,10009,2,PHD,8128,102,AAA,AAA Address,AAA City,85644,963,0.095428376,10009_2
7/25/2019,10009,2,PHD,8128,102,AAA,AAA Address,AAA City,85644,737,0.036649211,10009_2
7/25/2019,10009,2,PHD,8128,102,AAA,AAA Address,AAA City,85644,119,0.019715091,10009_2
7/25/2019,10009,2,PHD,8128,102,AAA,AAA Address,AAA City,85644,706,0.053609029,10009_2
7/25/2019,10009,2,PHD,8128,102,AAA,AAA Address,AAA City,85644,992,0.023353959,10009_2
7/25/2019,10009,2,PHD,8128,102,AAA,AAA Address,AAA City,85644,272,0.019461027,10009_2
7/25/2019,10009,2,PHD,8128,102,AAA,AAA Address,AAA City,85644,544,0.08892528,10009_2
7/25/2019,10009,2,PHD,8128,102,AAA,AAA Address,AAA City,85644,2530,0.004279707,10009_2
7/25/2019,10009,2,PHD,8128,102,AAA,AAA Address,AAA City,85644,493,0.051547332,10009_2
7/25/2019,10009,2,PHD,8128,102,AAA,AAA Address,AAA City,85644,236,0.070934808,10009_2
7/25/2019,10009,2,PHD,8128,102,AAA,AAA Address,AAA City,85644,1845,0.087981191,10009_2
7/25/2019,10009,2,PHD,8128,102,AAA,AAA Address,AAA City,85644,2204,0.078355179,10009_2
7/25/2019,10009,2,PHD,8128,102,AAA,AAA Address,AAA City,85644,2436,0.079916705,10009_2
7/25/2019,10009,2,PHD,8128,102,AAA,AAA Address,AAA City,85644,1611,0.039390726,10009_2
7/25/2019,10009,2,PHD,8128,102,AAA,AAA Address,AAA City,85644,896,0.095066295,10009_2
7/25/2019,10009,2,PHD,8128,102,AAA,AAA Address,AAA City,85644,109,0.050679758,10009_2
7/25/2019,10009,2,PHD,8128,102,AAA,AAA Address,AAA City,85644,2469,0.046802943,10009_2
7/25/2019,10009,2,PHD,8128,102,AAA,AAA Address,AAA City,85644,1478,0.004376223,10009_2
7/25/2019,10009,2,PHD,8128,102,AAA,AAA Address,AAA City,85644,1125,0.048586661,10009_2
7/25/2019,10009,2,PHD,8128,102,AAA,AAA Address,AAA City,85644,2544,0.04516437,10009_2
7/25/2019,10009,2,PHD,8128,102,AAA,AAA Address,AAA City,85644,1248,0.053415327,10009_2
7/25/2019,10009,2,PHD,8128,102,AAA,AAA Address,AAA City,85644,1595,0.099925136,10009_2
7/25/2019,10009,2,PHD,8128,102,AAA,AAA Address,AAA City,85644,2388,0.079204955,10009_2
7/25/2019,10009,2,PHD,8128,102,AAA,AAA Address,AAA City,85644,1401,0.053553989,10009_2
7/25/2019,10009,2,PHD,8128,102,AAA,AAA Address,AAA City,85644,2473,0.067761057,10009_2
7/25/2019,10009,2,PHD,8128,102,AAA,AAA Address,AAA City,85644,2771,0.037825194,10009_2
7/25/2019,10009,2,PHD,8128,102,AAA,AAA Address,AAA City,85644,1595,0.041542422,10009_2
7/25/2019,10009,2,PHD,8128,102,AAA,AAA Address,AAA City,85644,1368,0.090089444,10009_2
7/25/2019,10009,2,PHD,8128,102,AAA,AAA Address,AAA City,85644,299,0.095374089,10009_2
7/25/2019,10009,2,PHD,8128,102,AAA,AAA Address,AAA City,85644,1344,0.002045794,10009_2
7/25/2019,10009,2,PHD,8128,102,AAA,AAA Address,AAA City,85644,2724,0.092830031,10009_2
7/25/2019,10009,2,PHD,8128,102,AAA,AAA Address,AAA City,85644,503,0.086972168,10009_2
7/25/2019,10009,2,PHD,8128,102,AAA,AAA Address,AAA City,85644,2124,0.098804738,10009_2
7/25/2019,10009,2,PHD,8128,102,AAA,AAA Address,AAA City,85644,1154,0.063413359,10009_2
7/25/2019,10009,2,PHD,8128,102,AAA,AAA Address,AAA City,85644,1570,0.023328725,10009_2
7/25/2019,10009,2,PHD,8128,102,AAA,AAA Address,AAA City,85644,910,0.076995579,10009_2
7/25/2019,10009,2,PHD,8128,102,AAA,AAA Address,AAA City,85644,1420,0.084243509,10009_2
7/25/2019,10009,2,PHD,8128,102,AAA,AAA Address,AAA City,85644,28,0.075140292,10009_2
7/25/2019,10009,2,PHD,8128,102,AAA,AAA Address,AAA City,85644,471,0.054270188,10009_2
7/25/2019,10009,2,PHD,8128,102,AAA,AAA Address,AAA City,85644,2324,0.072385133,10009_2
7/25/2019,10009,2,PHD,8128,102,AAA,AAA Address,AAA City,85644,2894,0.049393957,10009_2
7/25/2019,10009,2,PHD,8128,102,AAA,AAA Address,AAA City,85644,950,0.024666754,10009_2
7/25/2019,10009,2,PHD,8128,102,AAA,AAA Address,AAA City,85644,1080,0.086060437,10009_2
7/25/2019,10009,2,PHD,8128,102,AAA,AAA Address,AAA City,85644,2120,0.093256581,10009_2
7/25/2019,10009,2,PHD,8128,102,AAA,AAA Address,AAA City,85644,1901,0.008654063,10009_2
7/25/2019,10009,2,PHD,8128,102,AAA,AAA Address,AAA City,85644,1776,0.084324884,10009_2
7/25/2019,10009,2,PHD,8128,102,AAA,AAA Address,AAA City,85644,17,0.030015175,10009_2
7/25/2019,10009,2,PHD,8128,102,AAA,AAA Address,AAA City,85644,2258,0.028526225,10009_2
7/25/2019,10009,2,PHD,8128,102,AAA,AAA Address,AAA City,85644,934,0.085529675,10009_2
7/25/2019,10009,2,PHD,8128,102,AAA,AAA Address,AAA City,85644,2938,0.056187129,10009_2
7/25/2019,10009,2,PHD,8128,102,AAA,AAA Address,AAA City,85644,2624,0.003496778,10009_2
7/25/2019,10009,2,PHD,8128,102,AAA,AAA Address,AAA City,85644,853,0.098120865,10009_2
7/25/2019,10009,2,PHD,8128,102,AAA,AAA Address,AAA City,85644,8,0.017940035,10009_2
7/25/2019,10009,2,PHD,8128,102,AAA,AAA Address,AAA City,85644,2727,0.040966476,10009_2
7/25/2019,10009,2,PHD,8128,102,AAA,AAA Address,AAA City,85644,2405,0.038591361,10009_2
7/25/2019,10009,2,PHD,8128,102,AAA,AAA Address,AAA City,85644,1317,0.051229922,10009_2
7/25/2019,10009,2,PHD,8128,102,AAA,AAA Address,AAA City,85644,1613,0.097173334,10009_2
7/25/2019,10009,2,PHD,8128,102,AAA,AAA Address,AAA City,85644,2958,0.05307747,10009_2
7/25/2019,10009,2,PHD,8128,102,AAA,AAA Address,AAA City,85644,360,0.027596603,10009_2
7/25/2019,10009,2,PHD,8128,102,AAA,AAA Address,AAA City,85644,620,0.059193547,10009_2
7/25/2019,10009,2,PHD,8128,102,AAA,AAA Address,AAA City,85644,2383,0.038786022,10009_2
7/25/2019,10009,2,PHD,8128,102,AAA,AAA Address,AAA City,85644,2700,0.050471681,10009_2
7/25/2019,10009,2,PHD,8128,102,AAA,AAA Address,AAA City,85644,1853,0.002742565,10009_2
7/25/2019,10009,2,PHD,8128,102,AAA,AAA Address,AAA City,85644,2728,0.015132859,10009_2
7/25/2019,10009,2,PHD,8128,102,AAA,AAA Address,AAA City,85644,1342,0.062265194,10009_2
7/25/2019,10009,2,PHD,8128,102,AAA,AAA Address,AAA City,85644,1178,0.028976134,10009_2
7/25/2019,10009,2,PHD,8128,102,AAA,AAA Address,AAA City,85644,2982,0.031013082,10009_2
7/25/2019,10009,2,PHD,8128,102,AAA,AAA Address,AAA City,85644,2025,0.089807319,10009_2
7/25/2019,10009,2,PHD,8128,102,AAA,AAA Address,AAA City,85644,333,0.008145813,10009_2
7/25/2019,10009,2,PHD,8128,102,AAA,AAA Address,AAA City,85644,483,0.0874889,10009_2
7/25/2019,10009,2,PHD,8128,102,AAA,AAA Address,AAA City,85644,1841,0.095158925,10009_2
7/25/2019,10009,2,PHD,8128,102,AAA,AAA Address,AAA City,85644,1913,0.020754579,10009_2
7/25/2019,10009,2,PHD,8128,102,AAA,AAA Address,AAA City,85644,1059,0.000574874,10009_2
7/25/2019,10009,2,PHD,8128,102,AAA,AAA Address,AAA City,85644,666,0.07670749,10009_2
7/25/2019,10009,2,PHD,8128,102,AAA,AAA Address,AAA City,85644,599,0.008465942,10009_2
7/25/2019,10009,2,PHD,8128,102,AAA,AAA Address,AAA City,85644,1861,0.041411391,10009_2
7/25/2019,10009,2,PHD,8128,102,AAA,AAA Address,AAA City,85644,2853,0.045321941,10009_2
7/25/2019,10009,2,PHD,8128,102,AAA,AAA Address,AAA City,85644,2816,0.018520251,10009_2
7/25/2019,10009,2,PHD,8128,102,AAA,AAA Address,AAA City,85644,2657,0.062090019,10009_2
7/25/2019,10009,2,PHD,8128,102,AAA,AAA Address,AAA City,85644,476,0.091092546,10009_2
7/25/2019,10009,2,PHD,8128,102,AAA,AAA Address,AAA City,85644,2115,0.08203947,10009_2
7/25/2019,10009,2,PHD,8128,102,AAA,AAA Address,AAA City,85644,2668,0.037946564,10009_2
7/25/2019,10009,2,PHD,8128,102,AAA,AAA Address,AAA City,85644,629,0.075443881,10009_2
7/25/2019,10009,2,PHD,8128,102,AAA,AAA Address,AAA City,85644,1400,0.040403892,10009_2
7/25/2019,10009,2,PHD,8128,102,AAA,AAA Address,AAA City,85644,746,0.098017438,10009_2
7/25/2019,10009,2,PHD,8128,102,AAA,AAA Address,AAA City,85644,341,0.074869722,10009_2
7/25/2019,10009,2,PHD,8128,102,AAA,AAA Address,AAA City,85644,407,0.0985956,10009_2
7/25/2019,10009,2,PHD,8128,102,AAA,AAA Address,AAA City,85644,999,0.066817938,10009_2
7/25/2019,10009,2,PHD,8128,102,AAA,AAA Address,AAA City,85644,1785,0.017241078,10009_2
7/25/2019,10009,2,PHD,8128,102,AAA,AAA Address,AAA City,85644,918,0.029788567,10009_2
7/25/2019,10009,2,PHD,8128,102,AAA,AAA Address,AAA City,85644,2956,0.089026153,10009_2
7/25/2019,10009,2,PHD,8128,102,AAA,AAA Address,AAA City,85644,2388,0.037157318,10009_2
7/25/2019,10009,2,PHD,8128,102,AAA,AAA Address,AAA City,85644,2129,0.065780967,10009_2
7/25/2019,10009,2,PHD,8128,102,AAA,AAA Address,AAA City,85644,1931,0.061380629,10009_2
7/25/2019,10009,2,PHD,8128,102,AAA,AAA Address,AAA City,85644,2056,0.032619973,10009_2
7/25/2019,10009,2,PHD,8128,102,AAA,AAA Address,AAA City,85644,180,0.044435176,10009_2
7/25/2019,10009,2,PHD,8128,102,AAA,AAA Address,AAA City,85644,2068,0.091982111,10009_2
7/25/2019,10009,2,PHD,8128,102,AAA,AAA Address,AAA City,85644,713,0.065827721,10009_2
7/25/2019,10009,2,PHD,8128,102,AAA,AAA Address,AAA City,85644,1536,0.061944764,10009_2
7/25/2019,10009,2,PHD,8128,102,AAA,AAA Address,AAA City,85644,515,0.060309251,10009_2
7/25/2019,10009,2,PHD,8128,102,AAA,AAA Address,AAA City,85644,420,0.023829575,10009_2
7/25/2019,10009,2,PHD,8128,102,AAA,AAA Address,AAA City,85644,2400,0.019655825,10009_2
7/25/2019,10009,2,PHD,8128,102,AAA,AAA Address,AAA City,85644,2925,0.04704012,10009_2
7/25/2019,10009,2,PHD,8128,102,AAA,AAA Address,AAA City,85644,325,0.073554988,10009_2
7/25/2019,10009,2,PHD,8128,102,AAA,AAA Address,AAA City,85644,1778,0.057456359,10009_2
7/25/2019,10009,2,PHD,8128,102,AAA,AAA Address,AAA City,85644,597,0.077599859,10009_2
7/25/2019,10009,2,PHD,8128,102,AAA,AAA Address,AAA City,85644,1681,0.068100356,10009_2
7/25/2019,10009,2,PHD,8128,102,AAA,AAA Address,AAA City,85644,163,0.017919982,10009_2
7/25/2019,10009,2,PHD,8128,102,AAA,AAA Address,AAA City,85644,934,0.009443189,10009_2
7/25/2019,10009,2,PHD,8128,102,AAA,AAA Address,AAA City,85644,1491,0.025916198,10009_2
7/25/2019,10009,2,PHD,8128,102,AAA,AAA Address,AAA City,85644,783,0.096630638,10009_2
7/25/2019,10009,2,PHD,8128,102,AAA,AAA Address,AAA City,85644,1672,0.031171512,10009_2
7/25/2019,10009,2,PHD,8128,102,AAA,AAA Address,AAA City,85644,1716,0.077068018,10009_2
7/25/2019,10009,2,PHD,8128,102,AAA,AAA Address,AAA City,85644,1947,0.002705452,10009_2
7/25/2019,10009,2,PHD,8128,102,AAA,AAA Address,AAA City,85644,2255,0.051729268,10009_2
7/25/2019,10009,2,PHD,8128,102,AAA,AAA Address,AAA City,85644,2037,0.071898738,10009_2
7/25/2019,10009,2,PHD,8128,102,AAA,AAA Address,AAA City,85644,2645,0.018417421,10009_2
7/25/2019,10009,2,PHD,8128,102,AAA,AAA Address,AAA City,85644,191,0.071645961,10009_2
7/25/2019,10009,2,PHD,8128,102,AAA,AAA Address,AAA City,85644,2440,0.024236601,10009_2
7/25/2019,10009,2,PHD,8128,102,AAA,AAA Address,AAA City,85644,1186,0.054679478,10009_2
7/25/2019,10009,2,PHD,8128,102,AAA,AAA Address,AAA City,85644,387,0.023887557,10009_2
7/25/2019,10009,2,PHD,8128,102,AAA,AAA Address,AAA City,85644,2298,0.025692912,10009_2
7/25/2019,10009,2,PHD,8128,102,AAA,AAA Address,AAA City,85644,2271,0.037950065,10009_2
7/25/2019,10009,2,PHD,8128,102,AAA,AAA Address,AAA City,85644,621,0.036705927,10009_2
7/25/2019,10009,2,PHD,8128,102,AAA,AAA Address,AAA City,85644,1372,0.083813708,10009_2
7/25/2019,10009,2,PHD,8128,102,AAA,AAA Address,AAA City,85644,1007,0.065362207,10009_2
7/25/2019,10009,2,PHD,8128,102,AAA,AAA Address,AAA City,85644,862,0.007520511,10009_2
7/25/2019,10009,2,PHD,8128,102,AAA,AAA Address,AAA City,85644,2302,0.053620272,10009_2
7/25/2019,10009,2,PHD,8128,102,AAA,AAA Address,AAA City,85644,818,0.009192152,10009_2
7/25/2019,10009,2,PHD,8128,102,AAA,AAA Address,AAA City,85644,1891,0.059365058,10009_2
7/25/2019,10009,2,PHD,8128,102,AAA,AAA Address,AAA City,85644,1590,0.027913803,10009_2
7/25/2019,10009,2,PHD,8128,102,AAA,AAA Address,AAA City,85644,1649,0.056537787,10009_2
7/25/2019,10009,2,PHD,8128,102,AAA,AAA Address,AAA City,85644,1819,0.000430923,10009_2
7/25/2019,10009,2,PHD,8128,102,AAA,AAA Address,AAA City,85644,2120,0.050047408,10009_2
7/25/2019,10009,2,PHD,8128,102,AAA,AAA Address,AAA City,85644,363,0.083346068,10009_2
7/25/2019,10009,2,PHD,8128,102,AAA,AAA Address,AAA City,85644,392,0.027198301,10009_2
7/25/2019,10009,2,PHD,8128,102,AAA,AAA Address,AAA City,85644,1395,0.084020412,10009_2
7/25/2019,10009,2,PHD,8128,102,AAA,AAA Address,AAA City,85644,2358,0.037992021,10009_2
7/25/2019,10009,2,PHD,8128,102,AAA,AAA Address,AAA City,85644,2868,0.077860333,10009_2
7/25/2019,10009,2,PHD,8128,102,AAA,AAA Address,AAA City,85644,17,0.03486293,10009_2
7/25/2019,10009,2,PHD,8128,102,AAA,AAA Address,AAA City,85644,2971,0.090230534,10009_2
7/25/2019,10009,2,PHD,8128,102,AAA,AAA Address,AAA City,85644,297,0.082507863,10009_2
7/25/2019,10009,2,PHD,8128,102,AAA,AAA Address,AAA City,85644,1289,0.068253601,10009_2
7/25/2019,10009,2,PHD,8128,102,AAA,AAA Address,AAA City,85644,2924,0.025944899,10009_2
7/25/2019,10009,2,PHD,8128,102,AAA,AAA Address,AAA City,85644,933,0.062033587,10009_2
7/25/2019,10009,2,PHD,8128,102,AAA,AAA Address,AAA City,85644,985,0.019636426,10009_2
7/25/2019,10009,2,PHD,8128,102,AAA,AAA Address,AAA City,85644,552,0.073261235,10009_2
7/25/2019,10009,2,PHD,8128,102,AAA,AAA Address,AAA City,85644,1463,0.086584934,10009_2
7/25/2019,10009,2,PHD,8128,102,AAA,AAA Address,AAA City,85644,753,0.004414786,10009_2
7/25/2019,10009,2,PHD,8128,102,AAA,AAA Address,AAA City,85644,2701,0.077868344,10009_2
7/25/2019,10009,2,PHD,8128,102,AAA,AAA Address,AAA City,85644,704,0.006560058,10009_2
7/25/2019,10009,2,PHD,8128,102,AAA,AAA Address,AAA City,85644,1394,0.002205919,10009_2
7/25/2019,10009,2,PHD,8128,102,AAA,AAA Address,AAA City,85644,1359,0.051782391,10009_2
7/25/2019,10009,2,PHD,8128,102,AAA,AAA Address,AAA City,85644,447,0.009113631,10009_2
7/25/2019,10009,2,PHD,8128,102,AAA,AAA Address,AAA City,85644,1637,0.042854685,10009_2
7/25/2019,10009,2,PHD,8128,102,AAA,AAA Address,AAA City,85644,762,0.013827176,10009_2
7/25/2019,10009,2,PHD,8128,102,AAA,AAA Address,AAA City,85644,113,0.048335913,10009_2
7/25/2019,10009,2,PHD,8128,102,AAA,AAA Address,AAA City,85644,893,0.019486151,10009_2
7/25/2019,10009,2,PHD,8128,102,AAA,AAA Address,AAA City,85644,2389,0.090183435,10009_2
7/25/2019,10009,2,PHD,8128,102,AAA,AAA Address,AAA City,85644,2513,0.088497994,10009_2
7/25/2019,10009,2,PHD,8128,102,AAA,AAA Address,AAA City,85644,1887,0.028378006,10009_2
7/25/2019,10009,2,PHD,8128,102,AAA,AAA Address,AAA City,85644,2696,0.058772457,10009_2
7/25/2019,10009,2,PHD,8128,102,AAA,AAA Address,AAA City,85644,2469,0.075152738,10009_2
7/25/2019,10009,2,PHD,8128,102,AAA,AAA Address,AAA City,85644,1002,0.05436874,10009_2
7/25/2019,10009,2,PHD,8128,102,AAA,AAA Address,AAA City,85644,1126,0.037924349,10009_2
7/25/2019,10009,2,PHD,8128,102,AAA,AAA Address,AAA City,85644,795,0.018409307,10009_2
7/25/2019,10009,2,PHD,8128,102,AAA,AAA Address,AAA City,85644,390,0.078240285,10009_2
7/25/2019,10009,2,PHD,8128,102,AAA,AAA Address,AAA City,85644,2161,0.012997949,10009_2
7/25/2019,10009,2,PHD,8128,102,AAA,AAA Address,AAA City,85644,2114,0.08381933,10009_2
7/25/2019,10009,2,PHD,8128,102,AAA,AAA Address,AAA City,85644,1167,0.035666422,10009_2
7/25/2019,10009,2,PHD,8128,102,AAA,AAA Address,AAA City,85644,383,0.038025427,10009_2
7/25/2019,10009,2,PHD,8128,102,AAA,AAA Address,AAA City,85644,32,0.00691858,10009_2
7/25/2019,10009,2,PHD,8128,102,AAA,AAA Address,AAA City,85644,2542,0.005852887,10009_2
7/25/2019,10009,2,PHD,8128,102,AAA,AAA Address,AAA City,85644,2388,0.083637238,10009_2
7/25/2019,10009,2,PHD,8128,102,AAA,AAA Address,AAA City,85644,1626,0.048673493,10009_2
7/25/2019,10009,2,PHD,8128,102,AAA,AAA Address,AAA City,85644,2445,0.016648283,10009_2
7/25/2019,10009,2,PHD,8128,102,AAA,AAA Address,AAA City,85644,2490,0.048575808,10009_2
7/25/2019,10009,2,PHD,8128,102,AAA,AAA Address,AAA City,85644,761,0.086854281,10009_2
7/25/2019,10009,2,PHD,8128,102,AAA,AAA Address,AAA City,85644,705,0.040911895,10009_2
7/25/2019,10009,2,PHD,8128,102,AAA,AAA Address,AAA City,85644,2701,0.01791727,10009_2
7/25/2019,10009,2,PHD,8128,102,AAA,AAA Address,AAA City,85644,1920,0.058318894,10009_2
7/25/2019,10009,2,PHD,8128,102,AAA,AAA Address,AAA City,85644,1049,0.03305316,10009_2
7/25/2019,10009,2,PHD,8128,102,AAA,AAA Address,AAA City,85644,2729,0.034381573,10009_2
7/25/2019,10009,2,PHD,8128,102,AAA,AAA Address,AAA City,85644,2054,0.063631839,10009_2
7/25/2019,10009,2,PHD,8128,102,AAA,AAA Address,AAA City,85644,1564,0.094903189,10009_2
7/25/2019,10009,2,PHD,8128,102,AAA,AAA Address,AAA City,85644,1096,0.084772739,10009_2
7/25/2019,10009,2,PHD,8128,102,AAA,AAA Address,AAA City,85644,2480,0.027972945,10009_2
7/25/2019,10009,2,PHD,8128,102,AAA,AAA Address,AAA City,85644,908,0.078858157,10009_2
7/25/2019,10009,2,PHD,8128,102,AAA,AAA Address,AAA City,85644,1558,0.023611566,10009_2
7/25/2019,10009,2,PHD,8128,102,AAA,AAA Address,AAA City,85644,1574,0.006766537,10009_2
7/25/2019,10009,2,PHD,8128,102,AAA,AAA Address,AAA City,85644,928,0.01905396,10009_2
7/25/2019,10009,2,PHD,8128,102,AAA,AAA Address,AAA City,85644,385,0.041417452,10009_2
7/25/2019,10009,2,PHD,8128,102,AAA,AAA Address,AAA City,85644,356,0.055150813,10009_2
7/25/2019,10009,2,PHD,8128,102,AAA,AAA Address,AAA City,85644,1045,0.047952516,10009_2
7/25/2019,10009,2,PHD,8128,102,AAA,AAA Address,AAA City,85644,1835,0.084431175,10009_2
7/25/2019,10009,2,PHD,8128,102,AAA,AAA Address,AAA City,85644,768,0.077923643,10009_2
7/25/2019,10009,2,PHD,8128,102,AAA,AAA Address,AAA City,85644,1296,0.008079292,10009_2
7/25/2019,10009,2,PHD,8128,102,AAA,AAA Address,AAA City,85644,1428,0.033618452,10009_2
7/25/2019,10009,2,PHD,8128,102,AAA,AAA Address,AAA City,85644,1427,0.034831592,10009_2
7/25/2019,10009,2,PHD,8128,102,AAA,AAA Address,AAA City,85644,1037,0.015651121,10009_2
7/25/2019,10009,2,PHD,8128,102,AAA,AAA Address,AAA City,85644,1184,0.073668675,10009_2
7/25/2019,10009,2,PHD,8128,102,AAA,AAA Address,AAA City,85644,1173,0.069385435,10009_2
7/25/2019,10009,2,PHD,8128,102,AAA,AAA Address,AAA City,85644,228,0.034972145,10009_2
7/25/2019,10009,2,PHD,8128,102,AAA,AAA Address,AAA City,85644,21,0.00543696,10009_2
7/25/2019,10009,2,PHD,8128,102,AAA,AAA Address,AAA City,85644,682,0.044247627,10009_2
7/25/2019,10009,2,PHD,8128,102,AAA,AAA Address,AAA City,85644,2703,0.089720811,10009_2
7/25/2019,10009,2,PHD,8128,102,AAA,AAA Address,AAA City,85644,504,0.090027449,10009_2
7/25/2019,10009,2,PHD,8128,102,AAA,AAA Address,AAA City,85644,2401,0.086080692,10009_2
7/25/2019,10009,2,PHD,8128,102,AAA,AAA Address,AAA City,85644,1515,0.068379336,10009_2
7/25/2019,10009,2,PHD,8128,102,AAA,AAA Address,AAA City,85644,346,0.03908047,10009_2
7/25/2019,10009,2,PHD,8128,102,AAA,AAA Address,AAA City,85644,2133,0.028386105,10009_2
7/25/2019,10009,2,PHD,8128,102,AAA,AAA Address,AAA City,85644,2415,0.084350174,10009_2
7/25/2019,10009,2,PHD,8128,102,AAA,AAA Address,AAA City,85644,793,0.038630304,10009_2
7/25/2019,10009,2,PHD,8128,102,AAA,AAA Address,AAA City,85644,308,0.022225334,10009_2
7/25/2019,10009,2,PHD,8128,102,AAA,AAA Address,AAA City,85644,2664,0.018110443,10009_2
7/25/2019,10009,2,PHD,8128,102,AAA,AAA Address,AAA City,85644,83,0.024287047,10009_2
7/25/2019,10009,2,PHD,8128,102,AAA,AAA Address,AAA City,85644,1680,0.090144484,10009_2
7/25/2019,10009,2,PHD,8128,102,AAA,AAA Address,AAA City,85644,2595,0.039116863,10009_2
7/25/2019,10009,2,PHD,8128,102,AAA,AAA Address,AAA City,85644,2152,0.017856937,10009_2
7/25/2019,10009,2,PHD,8128,102,AAA,AAA Address,AAA City,85644,1193,0.077442042,10009_2
7/25/2019,10009,2,PHD,8128,102,AAA,AAA Address,AAA City,85644,913,0.091542723,10009_2
7/25/2019,10009,2,PHD,8128,102,AAA,AAA Address,AAA City,85644,948,0.001952553,10009_2
7/25/2019,10009,2,PHD,8128,102,AAA,AAA Address,AAA City,85644,1724,0.079187543,10009_2
7/25/2019,10009,2,PHD,8128,102,AAA,AAA Address,AAA City,85644,261,0.069536904,10009_2
7/25/2019,10009,2,PHD,8128,102,AAA,AAA Address,AAA City,85644,2968,0.02633907,10009_2
7/25/2019,10009,2,PHD,8128,102,AAA,AAA Address,AAA City,85644,2568,0.046964226,10009_2
7/25/2019,10009,2,PHD,8128,102,AAA,AAA Address,AAA City,85644,866,0.082369455,10009_2
7/25/2019,10009,2,PHD,8128,102,AAA,AAA Address,AAA City,85644,1645,0.003778247,10009_2
7/25/2019,10009,2,PHD,8128,102,AAA,AAA Address,AAA City,85644,2508,0.043751718,10009_2
7/25/2019,10009,2,PHD,8128,102,AAA,AAA Address,AAA City,85644,996,0.014428319,10009_2
7/25/2019,10009,2,PHD,8128,102,AAA,AAA Address,AAA City,85644,401,0.050963805,10009_2
7/25/2019,10009,2,PHD,8128,102,AAA,AAA Address,AAA City,85644,955,0.018863079,10009_2
7/25/2019,10009,2,PHD,8128,102,AAA,AAA Address,AAA City,85644,2777,0.001926587,10009_2
7/25/2019,10009,2,PHD,8128,102,AAA,AAA Address,AAA City,85644,2895,0.088528788,10009_2
7/25/2019,10009,2,PHD,8128,102,AAA,AAA Address,AAA City,85644,415,0.028646401,10009_2
7/25/2019,10009,2,PHD,8128,102,AAA,AAA Address,AAA City,85644,1574,0.013831124,10009_2
7/25/2019,10009,2,PHD,8128,102,AAA,AAA Address,AAA City,85644,964,0.024363766,10009_2
7/25/2019,10009,2,PHD,8128,102,AAA,AAA Address,AAA City,85644,1091,0.063253519,10009_2
7/25/2019,10009,2,PHD,8128,102,AAA,AAA Address,AAA City,85644,1275,0.095241876,10009_2
7/25/2019,10009,2,PHD,8128,102,AAA,AAA Address,AAA City,85644,2648,0.007725066,10009_2
7/25/2019,10009,2,PHD,8128,102,AAA,AAA Address,AAA City,85644,419,0.057507701,10009_2
7/25/2019,10009,2,PHD,8128,102,AAA,AAA Address,AAA City,85644,1075,0.050718442,10009_2
7/25/2019,10009,2,PHD,8128,102,AAA,AAA Address,AAA City,85644,461,0.074267271,10009_2
7/25/2019,10009,2,PHD,8128,102,AAA,AAA Address,AAA City,85644,1144,0.032153576,10009_2
7/25/2019,10009,2,PHD,8128,102,AAA,AAA Address,AAA City,85644,13,0.09041576,10009_2
7/25/2019,10009,2,PHD,8128,102,AAA,AAA Address,AAA City,85644,1338,0.043301112,10009_2
7/25/2019,10009,2,PHD,8128,102,AAA,AAA Address,AAA City,85644,2866,0.01032746,10009_2
7/25/2019,10009,2,PHD,8128,102,AAA,AAA Address,AAA City,85644,159,0.04735424,10009_2
7/25/2019,10009,2,PHD,8128,102,AAA,AAA Address,AAA City,85644,780,0.034373994,10009_2
7/25/2019,10009,2,PHD,8128,102,AAA,AAA Address,AAA City,85644,558,0.037654289,10009_2
7/25/2019,10009,2,PHD,8128,102,AAA,AAA Address,AAA City,85644,2166,0.075539087,10009_2
7/25/2019,10009,2,PHD,8128,102,AAA,AAA Address,AAA City,85644,1939,0.081694315,10009_2
7/25/2019,10009,2,PHD,8128,102,AAA,AAA Address,AAA City,85644,203,0.05670584,10009_2
7/25/2019,10009,2,PHD,8128,102,AAA,AAA Address,AAA City,85644,4,0.020236335,10009_2
7/25/2019,10009,2,PHD,8128,102,AAA,AAA Address,AAA City,85644,666,0.074454754,10009_2
7/25/2019,10009,2,PHD,8128,102,AAA,AAA Address,AAA City,85644,2400,0.050093504,10009_2
7/25/2019,10009,2,PHD,8128,102,AAA,AAA Address,AAA City,85644,1257,0.06923637,10009_2
7/25/2019,10009,2,PHD,8128,102,AAA,AAA Address,AAA City,85644,2392,0.078821973,10009_2
7/25/2019,10009,2,PHD,8128,102,AAA,AAA Address,AAA City,85644,39,0.017711563,10009_2
7/25/2019,10009,2,PHD,8128,102,AAA,AAA Address,AAA City,85644,83,0.018775993,10009_2
7/25/2019,10009,2,PHD,8128,102,AAA,AAA Address,AAA City,85644,1775,0.007813059,10009_2
7/25/2019,10009,2,PHD,8128,102,AAA,AAA Address,AAA City,85644,384,0.007693504,10009_2
7/25/2019,10009,2,PHD,8128,102,AAA,AAA Address,AAA City,85644,2948,0.017551534,10009_2
7/25/2019,10009,2,PHD,8128,102,AAA,AAA Address,AAA City,85644,1580,0.009217685,10009_2
7/25/2019,10009,2,PHD,8128,102,AAA,AAA Address,AAA City,85644,1621,0.037005162,10009_2
7/25/2019,10009,2,PHD,8128,102,AAA,AAA Address,AAA City,85644,1782,0.035356243,10009_2
7/25/2019,10009,2,PHD,8128,102,AAA,AAA Address,AAA City,85644,1480,0.018703497,10009_2
7/25/2019,10009,2,PHD,8128,102,AAA,AAA Address,AAA City,85644,2250,0.029812655,10009_2
7/25/2019,10009,2,PHD,8128,102,AAA,AAA Address,AAA City,85644,1610,0.064775327,10009_2
7/25/2019,10009,2,PHD,8128,102,AAA,AAA Address,AAA City,85644,1311,0.083138724,10009_2
7/25/2019,10009,2,PHD,8128,102,AAA,AAA Address,AAA City,85644,2494,0.05970719,10009_2
7/25/2019,10009,2,PHD,8128,102,AAA,AAA Address,AAA City,85644,820,0.049650326,10009_2
7/25/2019,10009,2,PHD,8128,102,AAA,AAA Address,AAA City,85644,518,0.01408137,10009_2
7/25/2019,10009,2,PHD,8128,102,AAA,AAA Address,AAA City,85644,2163,0.087720818,10009_2
7/25/2019,10009,2,PHD,8128,102,AAA,AAA Address,AAA City,85644,2161,0.014732962,10009_2
7/25/2019,10009,2,PHD,8128,102,AAA,AAA Address,AAA City,85644,2949,0.019576699,10009_2
7/25/2019,10009,2,PHD,8128,102,AAA,AAA Address,AAA City,85644,2849,0.077576438,10009_2
7/25/2019,10009,2,PHD,8128,102,AAA,AAA Address,AAA City,85644,606,0.016814575,10009_2
7/25/2019,10009,2,PHD,8128,102,AAA,AAA Address,AAA City,85644,2175,0.00851568,10009_2
7/25/2019,10009,2,PHD,8128,102,AAA,AAA Address,AAA City,85644,2968,0.075180741,10009_2
7/25/2019,10009,2,PHD,8128,102,AAA,AAA Address,AAA City,85644,1148,0.06446492,10009_2
7/25/2019,10009,2,PHD,8128,102,AAA,AAA Address,AAA City,85644,2302,0.082595316,10009_2
7/25/2019,10009,2,PHD,8128,102,AAA,AAA Address,AAA City,85644,438,0.024257605,10009_2
7/25/2019,10009,2,PHD,8128,102,AAA,AAA Address,AAA City,85644,1098,0.038215371,10009_2
7/25/2019,10009,2,PHD,8128,102,AAA,AAA Address,AAA City,85644,1028,0.028329143,10009_2
7/25/2019,10009,2,PHD,8128,102,AAA,AAA Address,AAA City,85644,2650,0.010346595,10009_2
7/25/2019,10009,2,PHD,8128,102,AAA,AAA Address,AAA City,85644,470,0.059046769,10009_2
7/25/2019,10009,2,PHD,8128,102,AAA,AAA Address,AAA City,85644,523,0.071429598,10009_2
7/25/2019,10009,2,PHD,8128,102,AAA,AAA Address,AAA City,85644,414,0.005258043,10009_2
7/25/2019,10009,2,PHD,8128,102,AAA,AAA Address,AAA City,85644,655,0.059473822,10009_2
7/25/2019,10009,2,PHD,8128,102,AAA,AAA Address,AAA City,85644,2776,0.028530268,10009_2
7/25/2019,10009,2,PHD,8128,102,AAA,AAA Address,AAA City,85644,2179,0.01050012,10009_2
7/25/2019,10009,2,PHD,8128,102,AAA,AAA Address,AAA City,85644,817,0.070485175,10009_2
7/25/2019,10009,2,PHD,8128,102,AAA,AAA Address,AAA City,85644,1955,0.027197073,10009_2
7/25/2019,10009,2,PHD,8128,102,AAA,AAA Address,AAA City,85644,1879,0.042901556,10009_2
7/25/2019,10009,2,PHD,8128,102,AAA,AAA Address,AAA City,85644,425,0.068797555,10009_2
7/25/2019,10009,2,PHD,8128,102,AAA,AAA Address,AAA City,85644,1633,0.059132352,10009_2
7/25/2019,10009,2,PHD,8128,102,AAA,AAA Address,AAA City,85644,45,0.022490883,10009_2
7/25/2019,10009,2,PHD,8128,102,AAA,AAA Address,AAA City,85644,1978,0.041475459,10009_2
7/25/2019,10009,2,PHD,8128,102,AAA,AAA Address,AAA City,85644,2655,0.08691836,10009_2
7/25/2019,10009,2,PHD,8128,102,AAA,AAA Address,AAA City,85644,955,0.027020184,10009_2
7/25/2019,10009,2,PHD,8128,102,AAA,AAA Address,AAA City,85644,966,0.033504615,10009_2
7/25/2019,10009,2,PHD,8128,102,AAA,AAA Address,AAA City,85644,2285,0.020368412,10009_2
7/25/2019,10009,2,PHD,8128,102,AAA,AAA Address,AAA City,85644,2287,0.064554594,10009_2
7/25/2019,10009,2,PHD,8128,102,AAA,AAA Address,AAA City,85644,1536,0.045019041,10009_2
7/25/2019,10009,2,PHD,8128,102,AAA,AAA Address,AAA City,85644,376,0.093931224,10009_2
7/25/2019,10009,2,PHD,8128,102,AAA,AAA Address,AAA City,85644,371,0.009587694,10009_2
7/25/2019,10009,2,PHD,8128,102,AAA,AAA Address,AAA City,85644,2174,0.054131326,10009_2
7/25/2019,10009,2,PHD,8128,102,AAA,AAA Address,AAA City,85644,2427,0.004030571,10009_2
7/25/2019,10009,2,PHD,8128,102,AAA,AAA Address,AAA City,85644,2634,0.024336136,10009_2
7/25/2019,10009,2,PHD,8128,102,AAA,AAA Address,AAA City,85644,1708,0.08901167,10009_2
7/25/2019,10009,2,PHD,8128,102,AAA,AAA Address,AAA City,85644,617,0.023491395,10009_2
7/25/2019,10009,2,PHD,8128,102,AAA,AAA Address,AAA City,85644,2026,0.011784684,10009_2
7/25/2019,10009,2,PHD,8128,102,AAA,AAA Address,AAA City,85644,580,0.038936525,10009_2
7/25/2019,10009,2,PHD,8128,102,AAA,AAA Address,AAA City,85644,424,0.00248314,10009_2
7/25/2019,10009,2,PHD,8128,102,AAA,AAA Address,AAA City,85644,1421,0.091775205,10009_2
7/25/2019,10009,2,PHD,8128,102,AAA,AAA Address,AAA City,85644,2447,0.001744195,10009_2
7/25/2019,10009,2,PHD,8128,102,AAA,AAA Address,AAA City,85644,6,0.047012761,10009_2
7/25/2019,10009,2,PHD,8128,102,AAA,AAA Address,AAA City,85644,2072,0.077075095,10009_2
7/25/2019,10009,2,PHD,8128,102,AAA,AAA Address,AAA City,85644,1322,0.082542591,10009_2
7/25/2019,10009,2,PHD,8128,102,AAA,AAA Address,AAA City,85644,1729,0.045603724,10009_2
7/25/2019,10009,2,PHD,8128,102,AAA,AAA Address,AAA City,85644,579,0.055798867,10009_2
7/25/2019,10009,2,PHD,8128,102,AAA,AAA Address,AAA City,85644,2774,0.038067397,10009_2
7/25/2019,10009,2,PHD,8128,102,AAA,AAA Address,AAA City,85644,1642,0.012721565,10009_2
7/25/2019,10009,2,PHD,8128,102,AAA,AAA Address,AAA City,85644,74,0.037421152,10009_2
7/25/2019,10009,2,PHD,8128,102,AAA,AAA Address,AAA City,85644,684,0.070924101,10009_2
7/25/2019,10009,2,PHD,8128,102,AAA,AAA Address,AAA City,85644,2723,0.043743898,10009_2
7/25/2019,10009,2,PHD,8128,102,AAA,AAA Address,AAA City,85644,2449,0.045838556,10009_2
7/25/2019,10009,2,PHD,8128,102,AAA,AAA Address,AAA City,85644,1359,0.035117253,10009_2
7/25/2019,10009,2,PHD,8128,102,AAA,AAA Address,AAA City,85644,75,0.019962852,10009_2
7/25/2019,10009,2,PHD,8128,102,AAA,AAA Address,AAA City,85644,993,0.065687753,10009_2
7/25/2019,10009,2,PHD,8128,102,AAA,AAA Address,AAA City,85644,1104,0.060761912,10009_2
7/25/2019,10009,2,PHD,8128,102,AAA,AAA Address,AAA City,85644,2056,0.03383445,10009_2
7/25/2019,10009,2,PHD,8128,102,AAA,AAA Address,AAA City,85644,702,0.02749095,10009_2
7/25/2019,10009,2,PHD,8128,102,AAA,AAA Address,AAA City,85644,2392,0.032179836,10009_2
7/25/2019,10009,2,PHD,8128,102,AAA,AAA Address,AAA City,85644,32,0.002954299,10009_2
7/25/2019,10009,2,PHD,8128,102,AAA,AAA Address,AAA City,85644,1565,0.032769259,10009_2
7/25/2019,10009,2,PHD,8128,102,AAA,AAA Address,AAA City,85644,1166,0.010651564,10009_2
7/25/2019,10009,2,PHD,8128,102,AAA,AAA Address,AAA City,85644,552,0.05521702,10009_2
7/25/2019,10009,2,PHD,8128,102,AAA,AAA Address,AAA City,85644,2337,0.077791547,10009_2
7/25/2019,10009,2,PHD,8128,102,AAA,AAA Address,AAA City,85644,2302,0.042532805,10009_2
7/25/2019,10009,2,PHD,8128,102,AAA,AAA Address,AAA City,85644,2778,0.094104371,10009_2
7/25/2019,10009,2,PHD,8128,102,AAA,AAA Address,AAA City,85644,223,0.077764552,10009_2
7/25/2019,10009,2,PHD,8128,102,AAA,AAA Address,AAA City,85644,1838,0.002064643,10009_2
7/25/2019,10009,2,PHD,8128,102,AAA,AAA Address,AAA City,85644,133,0.099344251,10009_2
7/25/2019,10009,2,PHD,8128,102,AAA,AAA Address,AAA City,85644,1229,0.091451615,10009_2
7/25/2019,10009,2,PHD,8128,102,AAA,AAA Address,AAA City,85644,1280,0.063293081,10009_2
7/25/2019,10009,2,PHD,8128,102,AAA,AAA Address,AAA City,85644,735,0.055000202,10009_2
7/25/2019,10009,2,PHD,8128,102,AAA,AAA Address,AAA City,85644,948,0.084394151,10009_2
7/25/2019,10009,2,PHD,8128,102,AAA,AAA Address,AAA City,85644,398,0.00450405,10009_2
7/25/2019,10009,2,PHD,8128,102,AAA,AAA Address,AAA City,85644,2225,0.014035931,10009_2
7/25/2019,10009,2,PHD,8128,102,AAA,AAA Address,AAA City,85644,291,0.03284375,10009_2
7/25/2019,10009,2,PHD,8128,102,AAA,AAA Address,AAA City,85644,2382,0.084173271,10009_2
7/25/2019,10009,2,PHD,8128,102,AAA,AAA Address,AAA City,85644,2103,0.014161413,10009_2
7/25/2019,10009,2,PHD,8128,102,AAA,AAA Address,AAA City,85644,2406,0.07207628,10009_2
7/25/2019,10009,2,PHD,8128,102,AAA,AAA Address,AAA City,85644,1488,0.020783392,10009_2
7/25/2019,10009,2,PHD,8128,102,AAA,AAA Address,AAA City,85644,651,0.059834259,10009_2
7/25/2019,10009,2,PHD,8128,102,AAA,AAA Address,AAA City,85644,1879,0.048640144,10009_2
7/25/2019,10009,2,PHD,8128,102,AAA,AAA Address,AAA City,85644,1947,0.017550245,10009_2
7/25/2019,10009,2,PHD,8128,102,AAA,AAA Address,AAA City,85644,1198,0.019782539,10009_2
7/25/2019,10009,2,PHD,8128,102,AAA,AAA Address,AAA City,85644,2334,0.00478568,10009_2
7/25/2019,10009,2,PHD,8128,102,AAA,AAA Address,AAA City,85644,502,0.041616889,10009_2
7/25/2019,10009,2,PHD,8128,102,AAA,AAA Address,AAA City,85644,1728,0.073675315,10009_2
7/25/2019,10009,2,PHD,8128,102,AAA,AAA Address,AAA City,85644,1757,0.032592576,10009_2
7/25/2019,10009,2,PHD,8128,102,AAA,AAA Address,AAA City,85644,1409,0.044015325,10009_2
7/25/2019,10009,2,PHD,8128,102,AAA,AAA Address,AAA City,85644,1924,0.046617156,10009_2
7/25/2019,10009,2,PHD,8128,102,AAA,AAA Address,AAA City,85644,2968,0.059394195,10009_2
7/25/2019,10009,2,PHD,8128,102,AAA,AAA Address,AAA City,85644,2620,0.084031979,10009_2
7/25/2019,10009,2,PHD,8128,102,AAA,AAA Address,AAA City,85644,1929,0.090585437,10009_2
7/25/2019,10009,2,PHD,8128,102,AAA,AAA Address,AAA City,85644,1760,0.009227043,10009_2
7/25/2019,10009,2,PHD,8128,102,AAA,AAA Address,AAA City,85644,1373,0.063893303,10009_2
7/25/2019,10009,2,PHD,8128,102,AAA,AAA Address,AAA City,85644,2933,0.097358951,10009_2
7/25/2019,10009,2,PHD,8128,102,AAA,AAA Address,AAA City,85644,273,0.057568578,10009_2
7/25/2019,10009,2,PHD,8128,102,AAA,AAA Address,AAA City,85644,360,0.088284895,10009_2
7/25/2019,10009,2,PHD,8128,102,AAA,AAA Address,AAA City,85644,2854,0.02129441,10009_2
7/25/2019,10009,2,PHD,8128,102,AAA,AAA Address,AAA City,85644,135,0.056566592,10009_2
7/25/2019,10009,2,PHD,8128,102,AAA,AAA Address,AAA City,85644,2188,0.018063448,10009_2
7/25/2019,10009,2,PHD,8128,102,AAA,AAA Address,AAA City,85644,1600,0.091769129,10009_2
7/25/2019,10009,2,PHD,8128,102,AAA,AAA Address,AAA City,85644,1891,0.087032684,10009_2
7/25/2019,10009,2,PHD,8128,102,AAA,AAA Address,AAA City,85644,2112,0.025942677,10009_2
7/25/2019,10009,2,PHD,8128,102,AAA,AAA Address,AAA City,85644,2276,0.006291618,10009_2
7/25/2019,10009,2,PHD,8128,102,AAA,AAA Address,AAA City,85644,2827,0.029530259,10009_2
7/25/2019,10009,2,PHD,8128,102,AAA,AAA Address,AAA City,85644,2517,0.064827129,10009_2
7/25/2019,10009,2,PHD,8128,102,AAA,AAA Address,AAA City,85644,27,0.011162391,10009_2
7/25/2019,10009,2,PHD,8128,102,AAA,AAA Address,AAA City,85644,516,0.065862107,10009_2
7/25/2019,10009,2,PHD,8128,102,AAA,AAA Address,AAA City,85644,1786,0.038875532,10009_2
7/25/2019,10009,2,PHD,8128,102,AAA,AAA Address,AAA City,85644,2372,0.025319672,10009_2
7/25/2019,10009,2,PHD,8128,102,AAA,AAA Address,AAA City,85644,617,0.057033362,10009_2
7/25/2019,10009,2,PHD,8128,102,AAA,AAA Address,AAA City,85644,2446,0.092150913,10009_2
7/25/2019,10009,2,PHD,8128,102,AAA,AAA Address,AAA City,85644,61,0.004373922,10009_2
7/25/2019,10009,2,PHD,8128,102,AAA,AAA Address,AAA City,85644,144,0.077811937,10009_2
7/25/2019,10009,2,PHD,8128,102,AAA,AAA Address,AAA City,85644,2949,0.091434556,10009_2
7/25/2019,10009,2,PHD,8128,102,AAA,AAA Address,AAA City,85644,1920,0.079404229,10009_2
7/25/2019,10009,2,PHD,8128,102,AAA,AAA Address,AAA City,85644,349,0.030883144,10009_2
7/25/2019,10009,2,PHD,8128,102,AAA,AAA Address,AAA City,85644,2214,0.022641382,10009_2
7/25/2019,10009,2,PHD,8128,102,AAA,AAA Address,AAA City,85644,2246,0.071914244,10009_2
7/25/2019,10009,2,PHD,8128,102,AAA,AAA Address,AAA City,85644,459,0.079411148,10009_2
7/25/2019,10009,2,PHD,8128,102,AAA,AAA Address,AAA City,85644,462,0.032427895,10009_2
7/25/2019,10009,2,PHD,8128,102,AAA,AAA Address,AAA City,85644,255,0.008176804,10009_2
7/25/2019,10009,2,PHD,8128,102,AAA,AAA Address,AAA City,85644,1418,0.018208658,10009_2
7/25/2019,10009,2,PHD,8128,102,AAA,AAA Address,AAA City,85644,620,0.095550301,10009_2
7/25/2019,10009,2,PHD,8128,102,AAA,AAA Address,AAA City,85644,20,0.087626978,10009_2
7/25/2019,10009,2,PHD,8128,102,AAA,AAA Address,AAA City,85644,2490,0.08054585,10009_2
7/25/2019,10009,2,PHD,8128,102,AAA,AAA Address,AAA City,85644,2051,0.09486366,10009_2
7/25/2019,10009,2,PHD,8128,102,AAA,AAA Address,AAA City,85644,286,0.082880879,10009_2
7/25/2019,10009,2,PHD,8128,102,AAA,AAA Address,AAA City,85644,860,0.008330491,10009_2
7/25/2019,10009,2,PHD,8128,102,AAA,AAA Address,AAA City,85644,720,0.065698447,10009_2
7/25/2019,10009,2,PHD,8128,102,AAA,AAA Address,AAA City,85644,2500,0.056786852,10009_2
7/25/2019,10009,2,PHD,8128,102,AAA,AAA Address,AAA City,85644,1214,0.095172905,10009_2
7/25/2019,10009,2,PHD,8128,102,AAA,AAA Address,AAA City,85644,1111,0.064884774,10009_2
7/25/2019,10009,2,PHD,8128,102,AAA,AAA Address,AAA City,85644,2767,0.057324729,10009_2
7/25/2019,10009,2,PHD,8128,102,AAA,AAA Address,AAA City,85644,2987,0.043303738,10009_2
7/25/2019,10009,2,PHD,8128,102,AAA,AAA Address,AAA City,85644,764,0.021353191,10009_2
7/25/2019,10009,2,PHD,8128,102,AAA,AAA Address,AAA City,85644,2919,0.041925651,10009_2
7/25/2019,10009,2,PHD,8128,102,AAA,AAA Address,AAA City,85644,353,0.064013608,10009_2
7/25/2019,10009,2,PHD,8128,102,AAA,AAA Address,AAA City,85644,737,0.012598123,10009_2
7/25/2019,10009,2,PHD,8128,102,AAA,AAA Address,AAA City,85644,2929,0.050925122,10009_2
7/25/2019,10009,2,PHD,8128,102,AAA,AAA Address,AAA City,85644,2508,0.064371402,10009_2
7/25/2019,10009,2,PHD,8128,102,AAA,AAA Address,AAA City,85644,2530,0.018864349,10009_2
7/25/2019,10009,2,PHD,8128,102,AAA,AAA Address,AAA City,85644,1176,0.064583462,10009_2
7/25/2019,10009,2,PHD,8128,102,AAA,AAA Address,AAA City,85644,1122,0.002125077,10009_2
7/25/2019,10009,2,PHD,8128,102,AAA,AAA Address,AAA City,85644,1462,0.080924355,10009_2
7/25/2019,10009,2,PHD,8128,102,AAA,AAA Address,AAA City,85644,2344,0.058919885,10009_2
7/25/2019,10009,2,PHD,8128,102,AAA,AAA Address,AAA City,85644,2312,0.044772574,10009_2
7/25/2019,10009,2,PHD,8128,102,AAA,AAA Address,AAA City,85644,1702,0.080913975,10009_2
7/25/2019,10009,2,PHD,8128,102,AAA,AAA Address,AAA City,85644,1891,0.099336543,10009_2
7/25/2019,10009,2,PHD,8128,102,AAA,AAA Address,AAA City,85644,2436,0.034865545,10009_2
7/25/2019,10009,2,PHD,8128,102,AAA,AAA Address,AAA City,85644,1249,0.069107317,10009_2
7/25/2019,10009,2,PHD,8128,102,AAA,AAA Address,AAA City,85644,1161,0.066766702,10009_2
7/25/2019,10009,2,PHD,8128,102,AAA,AAA Address,AAA City,85644,462,0.056202824,10009_2
7/25/2019,10009,2,PHD,8128,102,AAA,AAA Address,AAA City,85644,225,0.076979788,10009_2
7/25/2019,10009,2,PHD,8128,102,AAA,AAA Address,AAA City,85644,1446,0.056733189,10009_2
7/25/2019,10009,2,PHD,8128,102,AAA,AAA Address,AAA City,85644,300,0.053216082,10009_2
7/25/2019,10009,2,PHD,8128,102,AAA,AAA Address,AAA City,85644,257,0.074445757,10009_2
7/25/2019,10009,2,PHD,8128,102,AAA,AAA Address,AAA City,85644,2342,0.02110426,10009_2
7/25/2019,10009,2,PHD,8128,102,AAA,AAA Address,AAA City,85644,1044,0.002430872,10009_2
7/25/2019,10009,2,PHD,8128,102,AAA,AAA Address,AAA City,85644,659,0.077041268,10009_2
7/25/2019,10009,2,PHD,8128,102,AAA,AAA Address,AAA City,85644,1663,0.095945993,10009_2
7/25/2019,10009,2,PHD,8128,102,AAA,AAA Address,AAA City,85644,1547,0.002752421,10009_2
7/25/2019,10009,2,PHD,8128,102,AAA,AAA Address,AAA City,85644,2301,0.086512184,10009_2
7/25/2019,10009,2,PHD,8128,102,AAA,AAA Address,AAA City,85644,2124,0.060522236,10009_2
7/25/2019,10009,2,PHD,8128,102,AAA,AAA Address,AAA City,85644,21,0.016386264,10009_2
7/25/2019,10009,2,PHD,8128,102,AAA,AAA Address,AAA City,85644,2006,0.004234729,10009_2
7/25/2019,10009,2,PHD,8128,102,AAA,AAA Address,AAA City,85644,751,0.083233477,10009_2
7/25/2019,10009,2,PHD,8128,102,AAA,AAA Address,AAA City,85644,2119,0.038136356,10009_2
7/25/2019,10009,2,PHD,8128,102,AAA,AAA Address,AAA City,85644,2929,0.072687529,10009_2
7/25/2019,10009,2,PHD,8128,102,AAA,AAA Address,AAA City,85644,1843,0.015657826,10009_2
7/25/2019,10009,2,PHD,8128,102,AAA,AAA Address,AAA City,85644,1579,0.090411573,10009_2
7/25/2019,10009,2,PHD,8128,102,AAA,AAA Address,AAA City,85644,1546,0.084983123,10009_2
7/25/2019,10009,2,PHD,8128,102,AAA,AAA Address,AAA City,85644,2575,0.069754734,10009_2
7/25/2019,10009,2,PHD,8128,102,AAA,AAA Address,AAA City,85644,3000,0.007557077,10009_2
7/25/2019,10009,2,PHD,8128,102,AAA,AAA Address,AAA City,85644,1356,0.066904867,10009_2
7/25/2019,10009,2,PHD,8128,102,AAA,AAA Address,AAA City,85644,2389,0.031931107,10009_2
7/25/2019,10009,2,PHD,8128,102,AAA,AAA Address,AAA City,85644,2281,6.69357E-05,10009_2
7/25/2019,10009,2,PHD,8128,102,AAA,AAA Address,AAA City,85644,101,0.049489753,10009_2
7/25/2019,10009,2,PHD,8128,102,AAA,AAA Address,AAA City,85644,2889,0.046728435,10009_2
7/25/2019,10009,2,PHD,8128,102,AAA,AAA Address,AAA City,85644,2838,0.099776087,10009_2
7/25/2019,10009,2,PHD,8128,102,AAA,AAA Address,AAA City,85644,2217,0.007216456,10009_2
7/25/2019,10009,2,PHD,8128,102,AAA,AAA Address,AAA City,85644,1674,0.046867066,10009_2
7/25/2019,10009,2,PHD,8128,102,AAA,AAA Address,AAA City,85644,932,0.078181653,10009_2
7/25/2019,10009,2,PHD,8128,102,AAA,AAA Address,AAA City,85644,2845,0.090710416,10009_2
7/25/2019,10009,2,PHD,8128,102,AAA,AAA Address,AAA City,85644,2982,0.049478488,10009_2
7/25/2019,10009,2,PHD,8128,102,AAA,AAA Address,AAA City,85644,1817,0.024244884,10009_2
7/25/2019,10009,2,PHD,8128,102,AAA,AAA Address,AAA City,85644,843,0.05939003,10009_2
7/25/2019,10009,2,PHD,8128,102,AAA,AAA Address,AAA City,85644,1617,0.058304434,10009_2
7/25/2019,10009,2,PHD,8128,102,AAA,AAA Address,AAA City,85644,2338,0.043425725,10009_2
7/25/2019,10009,2,PHD,8128,102,AAA,AAA Address,AAA City,85644,629,0.007838102,10009_2
7/25/2019,10009,2,PHD,8128,102,AAA,AAA Address,AAA City,85644,1184,0.091243635,10009_2
7/25/2019,10009,2,PHD,8128,102,AAA,AAA Address,AAA City,85644,2891,0.04925261,10009_2
7/25/2019,10009,2,PHD,8128,102,AAA,AAA Address,AAA City,85644,2445,0.078993341,10009_2
7/25/2019,10009,2,PHD,8128,102,AAA,AAA Address,AAA City,85644,237,0.040541913,10009_2
7/25/2019,10009,2,PHD,8128,102,AAA,AAA Address,AAA City,85644,1902,0.058802432,10009_2
7/25/2019,10009,2,PHD,8128,102,AAA,AAA Address,AAA City,85644,1794,0.046050846,10009_2
7/25/2019,10009,2,PHD,8128,102,AAA,AAA Address,AAA City,85644,736,0.02840179,10009_2
7/25/2019,10009,2,PHD,8128,102,AAA,AAA Address,AAA City,85644,267,0.060907341,10009_2
7/25/2019,10009,2,PHD,8128,102,AAA,AAA Address,AAA City,85644,1323,0.008781816,10009_2
7/25/2019,10009,2,PHD,8128,102,AAA,AAA Address,AAA City,85644,700,0.003041077,10009_2
7/25/2019,10009,2,PHD,8128,102,AAA,AAA Address,AAA City,85644,2850,0.039919658,10009_2
7/25/2019,10009,2,PHD,8128,102,AAA,AAA Address,AAA City,85644,1721,0.014747084,10009_2
7/25/2019,10009,2,PHD,8128,102,AAA,AAA Address,AAA City,85644,2261,0.021492339,10009_2
7/25/2019,10009,2,PHD,8128,102,AAA,AAA Address,AAA City,85644,300,0.092989891,10009_2
7/25/2019,10009,2,PHD,8128,102,AAA,AAA Address,AAA City,85644,1170,0.039206723,10009_2
7/25/2019,10009,2,PHD,8128,102,AAA,AAA Address,AAA City,85644,500,0.062059185,10009_2
7/25/2019,10009,2,PHD,8128,102,AAA,AAA Address,AAA City,85644,2342,0.053961922,10009_2
7/25/2019,10009,2,PHD,8128,102,AAA,AAA Address,AAA City,85644,1151,0.096278911,10009_2
7/25/2019,10009,2,PHD,8128,102,AAA,AAA Address,AAA City,85644,503,0.056259257,10009_2
7/25/2019,10009,2,PHD,8128,102,AAA,AAA Address,AAA City,85644,1940,0.08643858,10009_2
7/25/2019,10009,2,PHD,8128,102,AAA,AAA Address,AAA City,85644,2157,0.027372306,10009_2
7/25/2019,10009,2,PHD,8128,102,AAA,AAA Address,AAA City,85644,1317,0.088927489,10009_2
7/25/2019,10009,2,PHD,8128,102,AAA,AAA Address,AAA City,85644,201,0.029597367,10009_2
7/25/2019,10009,2,PHD,8128,102,AAA,AAA Address,AAA City,85644,1218,0.069108086,10009_2
7/25/2019,10009,2,PHD,8128,102,AAA,AAA Address,AAA City,85644,2833,0.010998605,10009_2
7/25/2019,10009,2,PHD,8128,102,AAA,AAA Address,AAA City,85644,2299,0.068057937,10009_2
7/25/2019,10009,2,PHD,8128,102,AAA,AAA Address,AAA City,85644,379,0.031550576,10009_2
7/25/2019,10009,2,PHD,8128,102,AAA,AAA Address,AAA City,85644,1744,0.047643695,10009_2
7/25/2019,10009,2,PHD,8128,102,AAA,AAA Address,AAA City,85644,1332,0.037496927,10009_2
7/25/2019,10009,2,PHD,8128,102,AAA,AAA Address,AAA City,85644,683,0.062773885,10009_2
7/25/2019,10009,2,PHD,8128,102,AAA,AAA Address,AAA City,85644,1314,0.086318238,10009_2
7/25/2019,10009,2,PHD,8128,102,AAA,AAA Address,AAA City,85644,2105,0.054643022,10009_2
7/25/2019,10009,2,PHD,8128,102,AAA,AAA Address,AAA City,85644,2679,0.054631423,10009_2
7/25/2019,10009,2,PHD,8128,102,AAA,AAA Address,AAA City,85644,1434,0.052294758,10009_2
7/25/2019,10009,2,PHD,8128,102,AAA,AAA Address,AAA City,85644,112,0.009869717,10009_2
7/25/2019,10009,2,PHD,8128,102,AAA,AAA Address,AAA City,85644,847,0.05020628,10009_2
7/25/2019,10009,2,PHD,8128,102,AAA,AAA Address,AAA City,85644,1663,0.057236451,10009_2
7/25/2019,10009,2,PHD,8128,102,AAA,AAA Address,AAA City,85644,2465,0.064516699,10009_2
7/25/2019,10009,2,PHD,8128,102,AAA,AAA Address,AAA City,85644,2233,0.080733864,10009_2
7/25/2019,10009,2,PHD,8128,102,AAA,AAA Address,AAA City,85644,186,0.07740369,10009_2
7/25/2019,10009,2,PHD,8128,102,AAA,AAA Address,AAA City,85644,2468,0.003251147,10009_2
7/25/2019,10009,2,PHD,8128,102,AAA,AAA Address,AAA City,85644,865,0.004175718,10009_2
7/25/2019,10009,2,PHD,8128,102,AAA,AAA Address,AAA City,85644,2570,0.045933839,10009_2
7/25/2019,10009,2,PHD,8128,102,AAA,AAA Address,AAA City,85644,251,0.006397356,10009_2
7/25/2019,10009,2,PHD,8128,102,AAA,AAA Address,AAA City,85644,168,0.074943493,10009_2
7/25/2019,10009,2,PHD,8128,102,AAA,AAA Address,AAA City,85644,256,0.090025483,10009_2
7/25/2019,10009,2,PHD,8128,102,AAA,AAA Address,AAA City,85644,1689,0.001393011,10009_2
7/25/2019,10009,2,PHD,8128,102,AAA,AAA Address,AAA City,85644,1170,0.075021777,10009_2
7/25/2019,10009,2,PHD,8128,102,AAA,AAA Address,AAA City,85644,1489,0.09055335,10009_2
7/25/2019,10009,2,PHD,8128,102,AAA,AAA Address,AAA City,85644,376,0.077725849,10009_2
7/25/2019,10009,2,PHD,8128,102,AAA,AAA Address,AAA City,85644,1261,0.009510047,10009_2
7/25/2019,10009,2,PHD,8128,102,AAA,AAA Address,AAA City,85644,1373,0.013384496,10009_2
7/25/2019,10009,2,PHD,8128,102,AAA,AAA Address,AAA City,85644,1570,0.026168246,10009_2
7/25/2019,10009,2,PHD,8128,102,AAA,AAA Address,AAA City,85644,1185,0.069101389,10009_2
7/25/2019,10009,2,PHD,8128,102,AAA,AAA Address,AAA City,85644,2413,0.004100958,10009_2
7/25/2019,10009,2,PHD,8128,102,AAA,AAA Address,AAA City,85644,386,0.076725853,10009_2
7/25/2019,10009,2,PHD,8128,102,AAA,AAA Address,AAA City,85644,1723,0.099312693,10009_2
7/25/2019,10009,2,PHD,8128,102,AAA,AAA Address,AAA City,85644,2866,0.083999726,10009_2
7/25/2019,10009,2,PHD,8128,102,AAA,AAA Address,AAA City,85644,2534,0.027421921,10009_2
7/25/2019,10009,2,PHD,8128,102,AAA,AAA Address,AAA City,85644,1640,0.036288629,10009_2
7/25/2019,10009,2,PHD,8128,102,AAA,AAA Address,AAA City,85644,1754,0.009903045,10009_2
7/25/2019,10009,2,PHD,8128,102,AAA,AAA Address,AAA City,85644,829,0.02837255,10009_2
7/25/2019,10009,2,PHD,8128,102,AAA,AAA Address,AAA City,85644,2753,0.006098566,10009_2
7/25/2019,10009,2,PHD,8128,102,AAA,AAA Address,AAA City,85644,1990,0.057923171,10009_2
7/25/2019,10009,2,PHD,8128,102,AAA,AAA Address,AAA City,85644,2362,0.051626201,10009_2
7/25/2019,10009,2,PHD,8128,102,AAA,AAA Address,AAA City,85644,1769,0.021792504,10009_2
7/25/2019,10009,2,PHD,8128,102,AAA,AAA Address,AAA City,85644,2764,0.084569959,10009_2
7/25/2019,10009,2,PHD,8128,102,AAA,AAA Address,AAA City,85644,1903,0.013753372,10009_2
7/25/2019,10009,2,PHD,8128,102,AAA,AAA Address,AAA City,85644,257,0.033579982,10009_2
7/25/2019,10009,2,PHD,8128,102,AAA,AAA Address,AAA City,85644,2372,0.078852104,10009_2
7/25/2019,10009,2,PHD,8128,102,AAA,AAA Address,AAA City,85644,2749,0.039290379,10009_2
7/25/2019,10009,2,PHD,8128,102,AAA,AAA Address,AAA City,85644,95,0.074451675,10009_2
7/25/2019,10009,2,PHD,8128,102,AAA,AAA Address,AAA City,85644,254,0.016552666,10009_2
7/25/2019,10009,2,PHD,8128,102,AAA,AAA Address,AAA City,85644,815,0.056851354,10009_2
7/25/2019,10009,2,PHD,8128,102,AAA,AAA Address,AAA City,85644,2883,0.057246752,10009_2
7/25/2019,10009,2,PHD,8128,102,AAA,AAA Address,AAA City,85644,847,0.086686084,10009_2
7/25/2019,10009,2,PHD,8128,102,AAA,AAA Address,AAA City,85644,1550,0.064511723,10009_2
7/25/2019,10009,2,PHD,8128,102,AAA,AAA Address,AAA City,85644,397,0.09550955,10009_2
7/25/2019,10009,2,PHD,8128,102,AAA,AAA Address,AAA City,85644,315,0.048655861,10009_2
7/25/2019,10009,2,PHD,8128,102,AAA,AAA Address,AAA City,85644,142,0.05178928,10009_2
7/25/2019,10009,2,PHD,8128,102,AAA,AAA Address,AAA City,85644,1357,0.096132525,10009_2
7/25/2019,10009,2,PHD,8128,102,AAA,AAA Address,AAA City,85644,1759,0.012475197,10009_2
7/25/2019,10009,2,PHD,8128,102,AAA,AAA Address,AAA City,85644,2092,0.050533649,10009_2
7/25/2019,10009,2,PHD,8128,102,AAA,AAA Address,AAA City,85644,2289,0.021728359,10009_2
7/25/2019,10009,2,PHD,8128,102,AAA,AAA Address,AAA City,85644,1954,0.00629296,10009_2
7/25/2019,10009,2,PHD,8128,102,AAA,AAA Address,AAA City,85644,666,0.089426029,10009_2
7/25/2019,10009,2,PHD,8128,102,AAA,AAA Address,AAA City,85644,134,0.012701304,10009_2
7/25/2019,10009,2,PHD,8128,102,AAA,AAA Address,AAA City,85644,148,0.024177683,10009_2
7/25/2019,10009,2,PHD,8128,102,AAA,AAA Address,AAA City,85644,1662,0.031673289,10009_2
7/25/2019,10009,2,PHD,8128,102,AAA,AAA Address,AAA City,85644,2696,0.058640527,10009_2
7/25/2019,10009,2,PHD,8128,102,AAA,AAA Address,AAA City,85644,2015,0.022071786,10009_2
7/25/2019,10009,2,PHD,8128,102,AAA,AAA Address,AAA City,85644,1833,0.053751855,10009_2
7/25/2019,10009,2,PHD,8128,102,AAA,AAA Address,AAA City,85644,1763,0.000365369,10009_2
7/25/2019,10009,2,PHD,8128,102,AAA,AAA Address,AAA City,85644,665,0.017783765,10009_2
7/25/2019,10009,2,PHD,8128,102,AAA,AAA Address,AAA City,85644,1376,0.048260977,10009_2
7/25/2019,10009,2,PHD,8128,102,AAA,AAA Address,AAA City,85644,338,0.099684808,10009_2
7/25/2019,10009,2,PHD,8128,102,AAA,AAA Address,AAA City,85644,909,0.074434046,10009_2
7/25/2019,10009,2,PHD,8128,102,AAA,AAA Address,AAA City,85644,2727,0.009252212,10009_2
7/25/2019,10009,2,PHD,8128,102,AAA,AAA Address,AAA City,85644,751,0.078141536,10009_2
7/25/2019,10009,2,PHD,8128,102,AAA,AAA Address,AAA City,85644,1949,0.070579317,10009_2
7/25/2019,10009,2,PHD,8128,102,AAA,AAA Address,AAA City,85644,989,0.053310558,10009_2
7/25/2019,10009,2,PHD,8128,102,AAA,AAA Address,AAA City,85644,1808,0.076729385,10009_2
7/25/2019,10009,2,PHD,8128,102,AAA,AAA Address,AAA City,85644,2503,0.001853824,10009_2
7/25/2019,10009,2,PHD,8128,102,AAA,AAA Address,AAA City,85644,681,0.024039654,10009_2
7/25/2019,10009,2,PHD,8128,102,AAA,AAA Address,AAA City,85644,816,0.095333672,10009_2
7/25/2019,10009,2,PHD,8128,102,AAA,AAA Address,AAA City,85644,340,0.038141504,10009_2
7/25/2019,10009,2,PHD,8128,102,AAA,AAA Address,AAA City,85644,2635,0.029182715,10009_2
7/25/2019,10009,2,PHD,8128,102,AAA,AAA Address,AAA City,85644,391,0.046812874,10009_2
7/25/2019,10009,2,PHD,8128,102,AAA,AAA Address,AAA City,85644,1874,0.079093692,10009_2
7/25/2019,10009,2,PHD,8128,102,AAA,AAA Address,AAA City,85644,1731,0.07572321,10009_2
7/25/2019,10009,2,PHD,8128,102,AAA,AAA Address,AAA City,85644,1733,0.077624734,10009_2
7/25/2019,10009,2,PHD,8128,102,AAA,AAA Address,AAA City,85644,113,0.043720128,10009_2
7/25/2019,10009,2,PHD,8128,102,AAA,AAA Address,AAA City,85644,2742,0.076725158,10009_2
7/25/2019,10009,2,PHD,8128,102,AAA,AAA Address,AAA City,85644,488,0.00740887,10009_2
7/25/2019,10009,2,PHD,8128,102,AAA,AAA Address,AAA City,85644,442,0.085461175,10009_2
7/25/2019,10009,2,PHD,8128,102,AAA,AAA Address,AAA City,85644,1958,0.09331638,10009_2
7/25/2019,10009,2,PHD,8128,102,AAA,AAA Address,AAA City,85644,1248,0.039815135,10009_2
7/25/2019,10009,2,PHD,8128,102,AAA,AAA Address,AAA City,85644,68,0.095832282,10009_2
7/25/2019,10009,2,PHD,8128,102,AAA,AAA Address,AAA City,85644,1351,0.040902922,10009_2
7/25/2019,10009,2,PHD,8128,102,AAA,AAA Address,AAA City,85644,884,0.009263767,10009_2
7/25/2019,10009,2,PHD,8128,102,AAA,AAA Address,AAA City,85644,93,0.023062964,10009_2
7/25/2019,10009,2,PHD,8128,102,AAA,AAA Address,AAA City,85644,595,0.014795529,10009_2
7/25/2019,10009,2,PHD,8128,102,AAA,AAA Address,AAA City,85644,2549,0.006446516,10009_2
7/25/2019,10009,2,PHD,8128,102,AAA,AAA Address,AAA City,85644,865,0.009716221,10009_2
7/25/2019,10009,2,PHD,8128,102,AAA,AAA Address,AAA City,85644,1383,0.038703044,10009_2
7/25/2019,10009,2,PHD,8128,102,AAA,AAA Address,AAA City,85644,2450,0.077082699,10009_2
7/25/2019,10009,2,PHD,8128,102,AAA,AAA Address,AAA City,85644,2261,0.0896307,10009_2
7/25/2019,10009,2,PHD,8128,102,AAA,AAA Address,AAA City,85644,1219,0.084631954,10009_2
7/25/2019,10009,2,PHD,8128,102,AAA,AAA Address,AAA City,85644,1195,0.070491263,10009_2
7/25/2019,10009,2,PHD,8128,102,AAA,AAA Address,AAA City,85644,1080,0.088310711,10009_2
7/25/2019,10009,2,PHD,8128,102,AAA,AAA Address,AAA City,85644,2408,0.030519506,10009_2
7/25/2019,10009,2,PHD,8128,102,AAA,AAA Address,AAA City,85644,688,0.020535713,10009_2
7/25/2019,10009,2,PHD,8128,102,AAA,AAA Address,AAA City,85644,1892,0.074327382,10009_2
7/25/2019,10009,2,PHD,8128,102,AAA,AAA Address,AAA City,85644,2686,0.090759552,10009_2
7/25/2019,10009,2,PHD,8128,102,AAA,AAA Address,AAA City,85644,2600,0.043780413,10009_2
7/25/2019,10009,2,PHD,8128,102,AAA,AAA Address,AAA City,85644,444,0.014703998,10009_2
7/25/2019,10009,2,PHD,8128,102,AAA,AAA Address,AAA City,85644,1409,0.043369348,10009_2
7/25/2019,10009,2,PHD,8128,102,AAA,AAA Address,AAA City,85644,2436,0.02474995,10009_2
7/25/2019,10009,2,PHD,8128,102,AAA,AAA Address,AAA City,85644,778,0.006282074,10009_2
7/25/2019,10009,2,PHD,8128,102,AAA,AAA Address,AAA City,85644,2499,0.042414646,10009_2
7/25/2019,10009,2,PHD,8128,102,AAA,AAA Address,AAA City,85644,2608,0.093855011,10009_2
7/25/2019,10009,2,PHD,8128,102,AAA,AAA Address,AAA City,85644,284,0.030125717,10009_2
7/25/2019,10009,2,PHD,8128,102,AAA,AAA Address,AAA City,85644,706,0.04047161,10009_2
7/25/2019,10009,2,PHD,8128,102,AAA,AAA Address,AAA City,85644,1733,0.002832561,10009_2
7/25/2019,10009,2,PHD,8128,102,AAA,AAA Address,AAA City,85644,1162,0.0229529,10009_2
7/25/2019,10009,2,PHD,8128,102,AAA,AAA Address,AAA City,85644,2476,0.031250927,10009_2
7/25/2019,10009,2,PHD,8128,102,AAA,AAA Address,AAA City,85644,1895,0.09303269,10009_2
7/25/2019,10009,2,PHD,8128,102,AAA,AAA Address,AAA City,85644,1673,0.057935641,10009_2
7/25/2019,10009,2,PHD,8128,102,AAA,AAA Address,AAA City,85644,692,0.066698154,10009_2
7/25/2019,10009,2,PHD,8128,102,AAA,AAA Address,AAA City,85644,243,0.096670823,10009_2
7/25/2019,10009,2,PHD,8128,102,AAA,AAA Address,AAA City,85644,324,0.04907494,10009_2
7/25/2019,10009,2,PHD,8128,102,AAA,AAA Address,AAA City,85644,428,0.032395828,10009_2
7/25/2019,10009,2,PHD,8128,102,AAA,AAA Address,AAA City,85644,2029,0.018843311,10009_2
7/25/2019,10009,2,PHD,8128,102,AAA,AAA Address,AAA City,85644,48,0.047481531,10009_2
7/25/2019,10009,2,PHD,8128,102,AAA,AAA Address,AAA City,85644,1552,0.01753096,10009_2
7/25/2019,10009,2,PHD,8128,102,AAA,AAA Address,AAA City,85644,2918,0.054990407,10009_2
7/25/2019,10009,2,PHD,8128,102,AAA,AAA Address,AAA City,85644,2686,0.02644459,10009_2
7/25/2019,10009,2,PHD,8128,102,AAA,AAA Address,AAA City,85644,2437,0.08727105,10009_2
7/25/2019,10009,2,PHD,8128,102,AAA,AAA Address,AAA City,85644,1322,0.028555297,10009_2
7/25/2019,10009,2,PHD,8128,102,AAA,AAA Address,AAA City,85644,1413,0.005510339,10009_2
7/25/2019,10009,2,PHD,8128,102,AAA,AAA Address,AAA City,85644,1412,0.094181248,10009_2
7/25/2019,10009,2,PHD,8128,102,AAA,AAA Address,AAA City,85644,2927,0.020346544,10009_2
7/25/2019,10009,2,PHD,8128,102,AAA,AAA Address,AAA City,85644,492,0.073886938,10009_2
7/25/2019,10009,2,PHD,8128,102,AAA,AAA Address,AAA City,85644,1853,0.030817037,10009_2
7/25/2019,10009,2,PHD,8128,102,AAA,AAA Address,AAA City,85644,326,0.041618056,10009_2
7/25/2019,10009,2,PHD,8128,102,AAA,AAA Address,AAA City,85644,328,0.089658721,10009_2
7/25/2019,10009,2,PHD,8128,102,AAA,AAA Address,AAA City,85644,1963,0.014058004,10009_2
7/25/2019,10009,2,PHD,8128,102,AAA,AAA Address,AAA City,85644,709,0.023830095,10009_2
7/25/2019,10009,2,PHD,8128,102,AAA,AAA Address,AAA City,85644,1944,0.024853152,10009_2
7/25/2019,10009,2,PHD,8128,102,AAA,AAA Address,AAA City,85644,1504,0.069920326,10009_2
7/25/2019,10009,2,PHD,8128,102,AAA,AAA Address,AAA City,85644,1043,0.011934275,10009_2
7/25/2019,10009,2,PHD,8128,102,AAA,AAA Address,AAA City,85644,2958,0.002103742,10009_2
7/25/2019,10009,2,PHD,8128,102,AAA,AAA Address,AAA City,85644,25,0.078937639,10009_2
7/25/2019,10009,2,PHD,8128,102,AAA,AAA Address,AAA City,85644,126,0.078593915,10009_2
7/25/2019,10009,2,PHD,8128,102,AAA,AAA Address,AAA City,85644,2157,0.04595255,10009_2
7/25/2019,10009,2,PHD,8128,102,AAA,AAA Address,AAA City,85644,74,0.009536125,10009_2
7/25/2019,10009,2,PHD,8128,102,AAA,AAA Address,AAA City,85644,2698,0.046622381,10009_2
7/25/2019,10009,2,PHD,8128,102,AAA,AAA Address,AAA City,85644,420,0.041241952,10009_2
7/25/2019,10009,2,PHD,8128,102,AAA,AAA Address,AAA City,85644,120,0.002709902,10009_2
7/25/2019,10009,2,PHD,8128,102,AAA,AAA Address,AAA City,85644,2119,0.054082669,10009_2
7/25/2019,10009,2,PHD,8128,102,AAA,AAA Address,AAA City,85644,2243,0.095420554,10009_2
7/25/2019,10009,2,PHD,8128,102,AAA,AAA Address,AAA City,85644,2860,0.045756772,10009_2
7/25/2019,10009,2,PHD,8128,102,AAA,AAA Address,AAA City,85644,224,0.010428904,10009_2
7/25/2019,10009,2,PHD,8128,102,AAA,AAA Address,AAA City,85644,1086,0.010028836,10009_2
7/25/2019,10009,2,PHD,8128,102,AAA,AAA Address,AAA City,85644,1545,0.058977141,10009_2
7/25/2019,10009,2,PHD,8128,102,AAA,AAA Address,AAA City,85644,1878,0.007832797,10009_2
7/25/2019,10009,2,PHD,8128,102,AAA,AAA Address,AAA City,85644,1549,0.08990566,10009_2
7/25/2019,10009,2,PHD,8128,102,AAA,AAA Address,AAA City,85644,1889,0.048317831,10009_2
7/25/2019,10009,2,PHD,8128,102,AAA,AAA Address,AAA City,85644,2474,0.075666831,10009_2
7/25/2019,10009,2,PHD,8128,102,AAA,AAA Address,AAA City,85644,1236,0.061806785,10009_2
7/25/2019,10009,2,PHD,8128,102,AAA,AAA Address,AAA City,85644,462,0.047377542,10009_2
7/25/2019,10009,2,PHD,8128,102,AAA,AAA Address,AAA City,85644,2046,0.06319031,10009_2
7/25/2019,10009,2,PHD,8128,102,AAA,AAA Address,AAA City,85644,240,0.047534294,10009_2
7/25/2019,10009,2,PHD,8128,102,AAA,AAA Address,AAA City,85644,900,0.071065816,10009_2
7/25/2019,10009,2,PHD,8128,102,AAA,AAA Address,AAA City,85644,1480,0.011306218,10009_2
7/25/2019,10009,2,PHD,8128,102,AAA,AAA Address,AAA City,85644,888,0.019931638,10009_2
7/25/2019,10009,2,PHD,8128,102,AAA,AAA Address,AAA City,85644,1459,0.022446177,10009_2
7/25/2019,10009,2,PHD,8128,102,AAA,AAA Address,AAA City,85644,626,0.041377887,10009_2
7/25/2019,10009,2,PHD,8128,102,AAA,AAA Address,AAA City,85644,1960,0.028618963,10009_2
7/25/2019,10009,2,PHD,8128,102,AAA,AAA Address,AAA City,85644,2156,0.088149466,10009_2
7/25/2019,10009,2,PHD,8128,102,AAA,AAA Address,AAA City,85644,2295,0.079130409,10009_2
7/25/2019,10009,2,PHD,8128,102,AAA,AAA Address,AAA City,85644,1828,0.066988972,10009_2
7/25/2019,10009,2,PHD,8128,102,AAA,AAA Address,AAA City,85644,1459,0.001231116,10009_2
7/25/2019,10009,2,PHD,8128,102,AAA,AAA Address,AAA City,85644,58,0.033162373,10009_2
7/25/2019,10009,2,PHD,8128,102,AAA,AAA Address,AAA City,85644,549,0.01555092,10009_2
7/25/2019,10009,2,PHD,8128,102,AAA,AAA Address,AAA City,85644,2085,0.090088652,10009_2
7/25/2019,10009,2,PHD,8128,102,AAA,AAA Address,AAA City,85644,490,0.093971615,10009_2
7/25/2019,10009,2,PHD,8128,102,AAA,AAA Address,AAA City,85644,2825,0.01371797,10009_2
7/25/2019,10009,2,PHD,8128,102,AAA,AAA Address,AAA City,85644,277,0.036420989,10009_2
7/25/2019,10009,2,PHD,8128,102,AAA,AAA Address,AAA City,85644,24,0.078059115,10009_2
7/25/2019,10009,2,PHD,8128,102,AAA,AAA Address,AAA City,85644,2311,0.033522238,10009_2
7/25/2019,10009,2,PHD,8128,102,AAA,AAA Address,AAA City,85644,498,0.044746958,10009_2
7/25/2019,10009,2,PHD,8128,102,AAA,AAA Address,AAA City,85644,2311,0.049853761,10009_2
7/25/2019,10009,2,PHD,8128,102,AAA,AAA Address,AAA City,85644,503,0.002396967,10009_2
7/25/2019,10009,2,PHD,8128,102,AAA,AAA Address,AAA City,85644,321,0.053608415,10009_2
7/25/2019,10009,2,PHD,8128,102,AAA,AAA Address,AAA City,85644,2714,0.0699241,10009_2
7/25/2019,10009,2,PHD,8128,102,AAA,AAA Address,AAA City,85644,1541,0.09947263,10009_2
7/25/2019,10009,2,PHD,8128,102,AAA,AAA Address,AAA City,85644,1060,0.010014317,10009_2
7/25/2019,10009,2,PHD,8128,102,AAA,AAA Address,AAA City,85644,2152,0.097596093,10009_2
7/25/2019,10009,2,PHD,8128,102,AAA,AAA Address,AAA City,85644,2589,0.083379277,10009_2
7/25/2019,10009,2,PHD,8128,102,AAA,AAA Address,AAA City,85644,1442,0.01132245,10009_2
7/25/2019,10009,2,PHD,8128,102,AAA,AAA Address,AAA City,85644,2147,0.034207884,10009_2
7/25/2019,10009,2,PHD,8128,102,AAA,AAA Address,AAA City,85644,2868,0.00675775,10009_2
7/26/2019,10009,2,PHD,8128,102,AAA,AAA Address,AAA City,85644,2072,0.04251471,10009_2
7/26/2019,10009,3,PHD,8128,102,AAA,AAA Address,AAA City,85644,2536,0.086379149,10009_3
7/26/2019,10024,4,PHD,8821,204,BBB,BBB Address,BBB City,85333,1981,0.030806477,10024_4
7/26/2019,10029,3,PHD,8821,204,CCC,CCC Address,CCC City,85574,1270,0.076962058,10029_3
7/26/2019,10033,3,PHD,8128,102,DDD,DDD Address,DDD City,85668,1938,0.067822423,10033_3
7/26/2019,10034,3,PHD,0,107,EEE,EEE Address,EEE City,85579,1980,0.068126773,10034_3
7/27/2019,10009,2,PHD,8128,102,AAA,AAA Address,AAA City,85644,218,0.049932109,10009_2
7/27/2019,10009,3,PHD,8128,102,AAA,AAA Address,AAA City,85644,2927,0.056265439,10009_3
7/27/2019,10024,4,PHD,8821,204,BBB,BBB Address,BBB City,85333,145,0.073345799,10024_4
7/27/2019,10029,3,PHD,8821,204,CCC,CCC Address,CCC City,85574,2895,0.046971776,10029_3
7/27/2019,10033,3,PHD,8128,102,DDD,DDD Address,DDD City,85668,1106,0.014765706,10033_3
7/27/2019,10034,3,PHD,0,107,EEE,EEE Address,EEE City,85579,2784,0.028384623,10034_3
7/28/2019,10009,2,PHD,8128,102,AAA,AAA Address,AAA City,85644,742,0.069161659,10009_2
7/28/2019,10009,3,PHD,8128,102,AAA,AAA Address,AAA City,85644,2897,0.08289676,10009_3
7/28/2019,10024,4,PHD,8821,204,BBB,BBB Address,BBB City,85333,2028,0.01612505,10024_4
7/28/2019,10029,3,PHD,8821,204,CCC,CCC Address,CCC City,85574,2908,0.083887774,10029_3
7/28/2019,10033,3,PHD,8128,102,DDD,DDD Address,DDD City,85668,284,0.052902537,10033_3
7/28/2019,10034,3,PHD,0,107,EEE,EEE Address,EEE City,85579,527,0.069455749,10034_3
7/29/2019,10009,2,PHD,8128,102,AAA,AAA Address,AAA City,85644,2336,0.092870592,10009_2
7/29/2019,10009,3,PHD,8128,102,AAA,AAA Address,AAA City,85644,2540,0.014505755,10009_3
7/29/2019,10024,4,PHD,8821,204,BBB,BBB Address,BBB City,85333,1023,0.064929108,10024_4
7/29/2019,10029,3,PHD,8821,204,CCC,CCC Address,CCC City,85574,806,0.036417777,10029_3
7/29/2019,10033,3,PHD,8128,102,DDD,DDD Address,DDD City,85668,2985,0.097497262,10033_3
7/29/2019,10034,3,PHD,0,107,EEE,EEE Address,EEE City,85579,1978,0.066279504,10034_3
7/30/2019,10009,2,PHD,8128,102,AAA,AAA Address,AAA City,85644,2695,0.031878886,10009_2
7/30/2019,10009,3,PHD,8128,102,AAA,AAA Address,AAA City,85644,526,0.043014027,10009_3
7/30/2019,10024,4,PHD,8821,204,BBB,BBB Address,BBB City,85333,2290,0.011014727,10024_4
7/30/2019,10029,3,PHD,8821,204,CCC,CCC Address,CCC City,85574,2855,0.06365458,10029_3
7/30/2019,10033,3,PHD,8128,102,DDD,DDD Address,DDD City,85668,1094,0.088497796,10033_3
7/30/2019,10034,3,PHD,0,107,EEE,EEE Address,EEE City,85579,2978,0.014459694,10034_3
7/31/2019,10009,2,PHD,8128,102,AAA,AAA Address,AAA City,85644,1069,0.069975051,10009_2
7/31/2019,10009,3,PHD,8128,102,AAA,AAA Address,AAA City,85644,1375,0.003628519,10009_3
7/31/2019,10024,4,PHD,8821,204,BBB,BBB Address,BBB City,85333,2475,0.074700595,10024_4
7/31/2019,10029,3,PHD,8821,204,CCC,CCC Address,CCC City,85574,1289,0.069284868,10029_3
7/31/2019,10033,3,PHD,8128,102,DDD,DDD Address,DDD City,85668,1526,0.005860907,10033_3
7/31/2019,10034,3,PHD,0,107,EEE,EEE Address,EEE City,85579,1576,0.037085563,10034_3
